鄉鎮市區,交易標的,土地區段位置建物區段門牌,土地移轉總面積平方公尺,都市土地使用分區,非都市土地使用分區,非都市土地使用編定,交易年月日,交易筆棟數,移轉層次,總樓層數,建物型態,主要用途,主要建材,建築完成年月,建物移轉總面積平方公尺,建物現況格局-房,建物現況格局-廳,建物現況格局-衛,建物現況格局-隔間,有無管理組織,總價元,單價元平方公尺,車位類別,車位移轉總面積(平方公尺),車位總價元,備註,編號,主建物面積,附屬建物面積,陽台面積,電梯,移轉編號
內湖區,房地(土地+建物)+車位,行善路271~300號,49.87,都市：其他:住商混合區(為容積接收區)。,,,1091007,土地1建物1車位1,九層,十四層,住宅大樓(11層含以上有電梯),住家用,鋼筋混凝土造,1021227,299.99,3,2,3,有,有,62000000,219144,坡道平面,32.13,3300000,,RPOQMLOKIIPFFCA77DA,158.48,14.9,15.89,有,
中山區,房地(土地+建物)+車位,新生北路三段56巷1~30號,21.97,都市：其他:第肆種商業區(依都市計畫說明書圖規定辦理，始得作第肆種商業區使用)(原屬第參種商業區)。,,,1091207,土地1建物1車位1,四層,十三層,住宅大樓(11層含以上有電梯),住家用,鋼筋混凝土造,0981021,182.51,3,2,2,有,有,37000000,202740,坡道平面,41.72,0,,RPVQMLPJJHGGFCA67DA,83.51,0.0,8.83,有,2.0
南港區,房地(土地+建物)+車位,向陽路258巷1~30號,34.95,都市：其他:住宅區(供住宅使用)。,,,1100106,土地1建物1車位1,二層,十五層,住宅大樓(11層含以上有電梯),住家用,鋼筋混凝土造,0950803,172.76,3,2,2,有,有,29500000,170757,坡道平面,37.84,0,其他增建;,RPTNMLQJKHGGFDA47DA,85.0,4.0,9.19,有,
大安區,房地(土地+建物),瑞安街208巷61弄1~30號,63.08,都市：其他:第三種住宅區。,,,1091225,土地1建物3車位0,二層,十五層,住宅大樓(11層含以上有電梯),住家用,鋼筋混凝土造,0761231,343.87,6,2,3,有,有,95880000,278826,,0.0,0,陽台外推;其他增建;,RPOOMLKLJHGGFFA76DA,222.61,3.44,21.3,有,
大安區,房地(土地+建物)+車位,和平東路三段451~480號,15.27,都市：其他:第三種住宅區。,,,1091108,土地1建物1車位1,十三層,十三層,住宅大樓(11層含以上有電梯),住家用,鋼筋混凝土造,1090804,125.88,2,2,1,有,無,25000000,254247,坡道平面,36.99,2400000,,RPXQMLMJKHGGFFA97DA,49.22,0.0,7.03,有,
大安區,房地(土地+建物),和平東路三段421~450號,11.93,都市：其他:第三種住宅區。,,,1060517,土地1建物1車位0,六層,十三層,住宅大樓(11層含以上有電梯),住家用,鋼筋混凝土造,1090804,70.09,2,1,1,有,無,16500000,235412,,0.0,0,,RPORMLMJKHGGFFA17DA,40.76,0.0,3.58,有,
大安區,房地(土地+建物)+車位,和平東路三段451~480號,11.66,都市：其他:第三種住宅區。,,,1060213,土地1建物1車位1,六層,十三層,住宅大樓(11層含以上有電梯),住家用,鋼筋混凝土造,1090804,104.66,2,1,1,有,無,17580000,226541,坡道平面,36.99,2250000,,RPXRMLMJKHGGFFA08DA,39.29,0.0,3.52,有,
大安區,房地(土地+建物)+車位,仁愛路四段408巷1~30號,30.41,都市：其他:第四種住宅區。,,,1100123,土地1建物1車位1,六層,十三層,住宅大樓(11層含以上有電梯),住家用,鋼筋混凝土造,1011113,231.37,3,2,2,有,有,82000000,354411,坡道平面,0.0,4500000,,RPRNMLNJKHGGFFA17DA,113.14,4.92,11.3,有,8.0
大安區,房地(土地+建物)+車位,和平東路三段451~480號,16.51,都市：其他:第三種住宅區。,,,1060920,土地1建物1車位1,六層,十三層,住宅大樓(11層含以上有電梯),住家用,鋼筋混凝土造,1090804,137.86,2,2,1,有,無,23900000,229578,坡道平面,44.21,2400000,,RPPNMLPJKHGGFFA17DA,54.38,0.0,6.31,有,
大安區,房地(土地+建物)+車位,和平東路三段421~450號,16.11,都市：其他:第三種住宅區。,,,1060118,土地1建物1車位1,七層,十三層,住宅大樓(11層含以上有電梯),住家用,鋼筋混凝土造,1090804,135.64,2,2,1,有,無,24880000,243137,坡道平面,44.21,2650000,,RPQNMLPJKHGGFFA27DA,51.59,0.0,7.67,有,
大安區,房地(土地+建物)+車位,和平東路三段421~450號,16.08,都市：其他:第三種住宅區。,,,1060312,土地1建物1車位1,八層,十三層,住宅大樓(11層含以上有電梯),住家用,鋼筋混凝土造,1090804,136.6,2,2,1,有,無,25000000,241806,坡道平面,42.93,2350000,,RPRNMLPJKHGGFFA37DA,51.6,0.0,7.66,有,
文山區,房地(土地+建物),羅斯福路五段218巷38弄1~30號,10.28,都市：其他:道路用地(公共設施用地)。62/10/24,,,1091231,土地3建物1車位0,十三層,十六層,住宅大樓(11層含以上有電梯),住家用,鋼筋混凝土造,0860815,43.47,0,1,1,有,有,9030000,207729,,0.0,0,,RPXNMLTJKHGGFAA97EA,26.7,0.7,2.14,有,
大安區,房地(土地+建物)+車位,和平東路三段421~450號,16.41,都市：其他:第三種住宅區。,,,1091202,土地1建物1車位3,五層,十三層,住宅大樓(11層含以上有電梯),住家用,鋼筋混凝土造,1090804,220.53,2,2,1,有,無,28460000,239924,坡道平面,125.25,5600000,停車位進出不便，賣方折讓出售。,RPROMLOJKHGGFFA37DA,51.86,0.0,7.67,有,
中山區,房地(土地+建物)+車位,林森北路571~600號,9.29,都市：其他:第肆種商業區(依都市計畫說明書圖規定辦理，始得作第肆種商業區使用)(原屬第參種商業區)。,,,1091226,土地1建物1車位1,三層,十三層,住宅大樓(11層含以上有電梯),住家用,鋼筋混凝土造,1000726,129.55,1,1,1,有,有,22000000,214673,坡道平面,39.18,2600000,,RPPPMLSJKHGGFCA47EA,49.48,1.73,4.57,有,
南港區,房地(土地+建物),八德路四段871~900號,4.71,都市：其他:第一種商業區。,,,1091209,土地1建物1車位0,十二層,十六層,住宅大樓(11層含以上有電梯),住家用,鋼筋混凝土造,0841219,46.61,1,1,1,有,有,8080000,173316,,0.0,0,,RPQPMLQLJHGGFDA57EA,25.92,1.33,3.88,有,
信義區,房地(土地+建物)+車位,信義路五段121~150號,10.17,都市：其他:特定業務區(信義計畫特定專用區)。,,,1100129,土地1建物1車位1,十九層,十九層,住宅大樓(11層含以上有電梯),住家用,見其他登記事項,0951229,84.0,1,1,1,有,有,19000000,226190,坡道平面,0.0,2390000,其他增建;,RPPPMLSJKHGGFDA57EA,29.22,1.53,3.27,有,
信義區,房地(土地+建物)+車位,信義路五段121~150號,15.43,都市：其他:特定業務區(信義計畫特定專用區)。,,,1100109,土地1建物1車位1,十九層,十九層,住宅大樓(11層含以上有電梯),住家用,見其他登記事項,0951229,119.65,1,1,1,有,有,27000000,275957,坡道平面,32.69,3000000,,RPTOMLTJKHGGFDA97EA,48.28,4.26,5.17,有,
文山區,房地(土地+建物),辛亥路四段77巷92弄1~30號,37.87,都市：其他:第二種住宅區。,,,1091204,土地3建物1車位0,十二層,十四層,住宅大樓(11層含以上有電梯),住家用,鋼筋混凝土造,0920922,59.45,1,1,1,有,有,9180000,154415,,0.0,0,與大安區辛亥段四小段615-1、615-2、762-1地號，併同移轉，價格不拆算。陽台外推;,RPPNMLTKKHGGFAA27EA,37.15,0.0,5.88,有,
士林區,房地(土地+建物)+車位,德行東路91~120號,34.65,都市：其他:第三種住宅區。,,,1100114,土地1建物1車位3,十三層,十四層,住宅大樓(11層含以上有電梯),住家用,鋼骨鋼筋混凝土造,1011123,340.05,1,2,2,有,有,65388000,237897,坡道平面,99.24,8100000,,RPQOMLTJKHGGFEA77EA,128.17,4.94,12.19,有,23.0
松山區,房地(土地+建物),三民路43巷1~30號,43.52,都市：其他:第三種住宅區。,,,1100116,土地1建物1車位0,九層,十四層,住宅大樓(11層含以上有電梯),住家用,鋼筋混凝土造,0951218,202.32999999999998,3,2,2,有,有,43500000,214995,,0.0,0,,RPXOMLTJKHGGFDA38EA,103.5,3.56,12.45,有,25.0
內湖區,房地(土地+建物)+車位,成功路二段301~330號,8.15,都市：其他:第三種商業區。,,,1100103,土地1建物1車位1,五層,十四層,住宅大樓(11層含以上有電梯),住家用,鋼筋混凝土造,0981030,106.12,2,2,1,有,有,18500000,174331,坡道機械,28.15,0,,RPSNMLRKKHGGFCA57EA,49.52,0.5,3.83,有,
內湖區,房地(土地+建物)+車位,康寧路三段70巷1~30號,24.37,都市：其他:第三種住宅區。,,,1091204,土地3建物1車位1,四層,十四層,住宅大樓(11層含以上有電梯),住家用,鋼筋混凝土造,0970903,141.7,2,2,2,有,有,29000000,243477,坡道平面,32.86,2500000,,RPTOMLTJKHGGFCA87EA,69.8,0.0,6.37,有,
內湖區,房地(土地+建物)+車位,內湖路二段241~270號,10.29,都市：其他:第三種商業區。,,,1091218,土地1建物1車位1,十一層,十三層,住宅大樓(11層含以上有電梯),住家用,鋼筋混凝土造,1050601,120.57,2,2,2,有,有,24000000,226133,坡道平面,26.82,2800000,,RPVOMLTJKHGGFCA08EA,54.95,4.13,4.82,有,
內湖區,房地(土地+建物),星雲街168巷1~30號,15.78,都市：其他:第三種住宅區。,,,1100110,土地1建物1車位0,七層,十六層,住宅大樓(11層含以上有電梯),住家用,鋼筋混凝土造,0841116,69.99,2,2,1,有,有,16300000,232890,,0.0,0,,RPWOMLTJKHGGFCA18EA,50.28,2.65,7.4,有,27.0
中山區,房地(土地+建物)+車位,南京東路三段48巷31~60號,30.74,都市：其他:第三種住宅區。,,,1100104,土地1建物1車位1,七層,十四層,住宅大樓(11層含以上有電梯),住家用,鋼筋混凝土造,0930330,222.71,4,2,2,有,有,67280000,338751,坡道平面,34.42,3500000,,RPROMLLLJHGGFCA96EA,110.58,4.94,13.01,有,
萬華區,房地(土地+建物),成都路151~180號,2.99,都市：其他:道路用地(公共設施用地)。46/8/28,,,1091212,土地2建物1車位0,九層,十四層,住宅大樓(11層含以上有電梯),住家用,鋼筋混凝土造,0960622,39.96,1,1,1,有,有,7300000,182683,,0.0,0,陽台外推;其他增建;,RPRNMLTJKHGGFBA47EA,22.59,0.0,3.83,有,
大安區,房地(土地+建物),忠孝東路三段181~210號,19.58,都市：其他:第參種商業區(依都市計畫說明書圖規定辦理，始得作第參種商業區使用)(原屬第貳種商業區)。,,,1091203,土地2建物1車位0,五層,十四層,住宅大樓(11層含以上有電梯),住家用,鋼筋混凝土造,0760423,107.19,3,2,2,有,有,26880000,250770,,0.0,0,陽台外推;其他增建;,RPTOMLMKJHGGFFA37DA,67.6,0.0,10.46,有,
內湖區,房地(土地+建物)+車位,內湖路一段1~30號,25.81,都市：其他:第三之一種住宅區。,,,1090804,土地2建物1車位1,十層,十四層,住宅大樓(11層含以上有電梯),住家用,鋼筋混凝土造,1071109,202.14,2,2,2,有,有,59280000,330641,坡道平面,33.74,3600000,含傢俱設備費;,RPPNMLOKJHGGFCA76DA,96.98,5.7,10.05,有,
萬華區,房地(土地+建物)+車位,桂林路91~120號,6.62,都市：其他:第四種商業區。,,,1100109,土地1建物1車位1,十四層,二十四層,住宅大樓(11層含以上有電梯),住家用,鋼筋混凝土造,1081008,105.13,2,2,1,有,有,17500000,178767,坡道機械,13.95,1200000,,RPRPMLPJKHGGFBA17DA,49.43,8.92,2.78,有,
萬華區,房地(土地+建物)+車位,桂林路151~180號,13.21,都市：其他:第肆種商業區(依都市計畫說明書圖規定辦理，始得作第肆種商業區使用)(原屬第參種商業區)。,,,1091220,土地1建物1車位1,三層,十四層,住宅大樓(11層含以上有電梯),住家用,鋼骨鋼筋混凝土造,0940729,151.46,3,2,2,有,有,21500000,141952,坡道機械,17.26,0,,RPUOMLTLJHGGFBA87DA,88.99,0.0,9.51,有,
文山區,房地(土地+建物),景興路181~210號,5.54,都市：其他:第三種商業區。,,,1100131,土地1建物1車位0,十層,十八層,住宅大樓(11層含以上有電梯),住家用,鋼骨鋼筋混凝土造,0831210,61.61,1,2,1,有,有,11000000,178542,,0.0,0,,RPPNMLQKKHGGFAA86DA,41.72,0.0,4.36,有,
中正區,房地(土地+建物)+車位,中華路一段95巷1~30號,23.58,都市：其他:第四種商業區。,,,1100109,土地1建物1車位2,五層,二十五層,住宅大樓(11層含以上有電梯),住家用,見其他登記事項,1050622,359.56,0,0,0,無,無,77770000,265273,坡道平面,91.27,6600000,,RPSOMLSKJHGGFBA47DA,150.33,2.72,30.1,有,
內湖區,房地(土地+建物)+車位,康寧路三段189巷21弄1~30號,16.94,都市：其他:第參種商業區(依都市計畫說明書圖規定辦理，始得作第參種商業區使用)(原屬第壹種商業區)。,,,1091229,土地1建物1車位1,十一層,十四層,住宅大樓(11層含以上有電梯),住家用,鋼筋混凝土造,1020506,167.17000000000002,3,2,2,有,有,29500000,176467,坡道平面,39.65,0,,RPSPMLLJKHGGFCA96DA,74.31,7.16,5.53,有,38.0
中山區,房地(土地+建物)+車位,植福路286巷1~30號,66.87,都市：其他:娛樂區(供觀光旅館使用)。,,,1091106,土地1建物1車位3,二十七層,四十二層,住宅大樓(11層含以上有電梯),住家用,見其他登記事項,1031229,593.85,0,0,0,無,有,290000000,578986,坡道平面,113.7,12000000,,RPROMLTKKHGGFCA67DA,298.09,0.0,40.33,有,
中山區,房地(土地+建物)+車位,民權東路一段1~30號,19.04,都市：其他:第肆種商業區(依都市計畫說明書圖規定辦理，始得作第肆種商業區使用)(原屬第參種商業區)。,,,1100106,土地1建物1車位2,二層,十五層,住宅大樓(11層含以上有電梯),住家用,鋼筋混凝土造,0971128,241.06,3,2,2,有,有,53500000,221936,坡道機械,38.62,0,,RPPOMLRKKHGGFCA27DA,121.86,3.53,18.19,有,
北投區,房地(土地+建物)+車位,磺港路121~150號,30.53,都市：其他:第三種住宅區。,,,1091220,土地1建物1車位2,十八層,十八層,住宅大樓(11層含以上有電梯),住家用,鋼筋混凝土造,1080725,285.55,4,2,2,有,有,49160000,209168,坡道平面,76.34,5400000,毛胚屋;,RPQNMLTKJHGGFEA57DA,115.23,9.81,11.3,有,
大同區,房地(土地+建物)+車位,民權西路211~240號,17.56,都市：其他:聯合開發區(捷)。,,,1091222,土地3建物1車位1,十七層,十九層,住宅大樓(11層含以上有電梯),住家用,鋼筋混凝土造,1080625,224.97,4,2,2,有,有,45200000,230309,坡道平面,39.35,2450000,,RPPNMLRKKHGGFBA17EA,116.92,0.0,13.24,有,
松山區,房地(土地+建物)+車位,八德路四段751~780號,7.81,都市：其他:第三種商業區。,,,1100108,土地1建物1車位1,十二層,十五層,住宅大樓(11層含以上有電梯),住家用,鋼筋混凝土造,0960724,123.33,2,1,1,有,有,20450000,165815,坡道機械,0.0,0,親友、員工、共有人或其他特殊關係間之交易;,RPWOMLLJKHGGFDA47EA,46.08,1.18,9.15,有,
南港區,房地(土地+建物)+車位,玉成街61~90號,37.5,都市：其他:第一種商業區(依都市計畫說明書圖規定辦理)。,,,1091129,土地1建物1車位1,十三層,十七層,住宅大樓(11層含以上有電梯),住家用,見其他登記事項,0931216,306.21000000000004,4,2,3,有,有,69500000,252069,坡道平面,40.41,2500000,,RPUPMLLJKHGGFDA37EA,174.47,0.72,15.83,有,48.0
萬華區,房地(土地+建物)+車位,長沙街二段91~120號,10.63,都市：其他:第四種商業區。,,,1091227,土地1建物1車位1,十八層,二十二層,住宅大樓(11層含以上有電梯),住家用,鋼骨鋼筋混凝土造,0860726,162.82,3,2,2,有,有,25000000,153544,坡道平面,0.0,2500000,其他增建;,RPXNMLSKKHGGFBA08EA,72.81,1.46,12.48,有,
文山區,房地(土地+建物)+車位,秀明路一段121~150號,31.28,都市：其他:第三種住宅區。,,,1091231,土地1建物1車位1,四層,十三層,住宅大樓(11層含以上有電梯),住家用,鋼筋混凝土造,0960208,188.71,4,2,2,有,有,26800000,162389,坡道平面,36.0,2000000,,RPSOMLMLJHGGFAA96EA,99.68,4.66,11.44,有,55.0
大安區,房地(土地+建物)+車位,安和路一段91~120號,22.55,都市：其他:第四之一種住宅區及第四種住宅區。,,,1100103,土地1建物1車位1,十五層,十六層,住宅大樓(11層含以上有電梯),住家用,鋼筋混凝土造,0700216,264.96,3,2,2,有,有,69880000,263738,坡道平面,0.0,0,陽台外推;,RPSNMLOJKHGGFFA37DA,156.24,0.0,18.56,有,
松山區,房地(土地+建物)+車位,民生東路五段137巷4弄1~30號,15.14,都市：其他:第三種商業區(民生社區特定專用區) 但是否在道路用地(公共設施用地)(應依建築線或俟地籍測量分割後，再確定)。,,,1091229,土地1建物1車位1,九層,十五層,住宅大樓(11層含以上有電梯),住家用,鋼筋混凝土造,0720129,189.10999999999999,3,2,2,有,有,31900000,168685,坡道平面,38.11,0,,RPVOMLSKKHGGFDA08DA,147.48,0.0,18.34,有,
內湖區,房地(土地+建物)+車位,成功路五段420巷1~30號,23.2,都市：其他:第三之二種住宅區(依都市計畫說明書圖規定辦理)及第三種住宅區。,,,1090914,土地1建物1車位1,七層,十四層,住宅大樓(11層含以上有電梯),住家用,鋼筋混凝土造,0870925,136.61,3,2,2,有,有,25800000,188859,坡道平面,0.0,0,陽台外推;其他增建;,RPUPMLRKKHGGFCA87DA,68.02,0.0,8.92,有,59.0
萬華區,房地(土地+建物),漢口街二段31~60號,3.73,都市：其他:第四種商業區。,,,1100123,土地1建物1車位0,八層,十五層,住宅大樓(11層含以上有電梯),住家用,鋼筋混凝土造,1010530,48.84,1,0,1,有,有,9700000,198608,,0.0,0,陽台外推;,RPOPMLSJKHGGFBA17DA,26.0,1.09,4.54,有,65.0
文山區,房地(土地+建物),景興路181~210號,7.38,都市：其他:第三種商業區。,,,1100116,土地1建物1車位0,十五層,十八層,住宅大樓(11層含以上有電梯),住家用,鋼骨鋼筋混凝土造,0831210,83.48,1,1,1,有,有,14000000,167705,,0.0,0,陽台外推;,RPRNMLRLJHGGFAA17DA,44.19,1.68,5.04,有,
南區,房地(土地+建物),南平路211~240號,7.55,都市：其他:第一種商業區,,,1100112,土地1建物1車位0,十三層,十五層,住宅大樓(11層含以上有電梯),住家用,鋼筋混凝土造,0800917,89.55999999999999,3,2,1,有,有,5000000,55828,,0.0,0,陽台外推;,RPUNMLOJKHGGFAB17DA,63.2,7.37,0.0,有,3.0
北屯區,房地(土地+建物)+車位,松竹北二街31~60號,29.73,都市：其他:第三種住宅區。,,,1091205,土地1建物1車位2,十四層，十五層,十五層,住宅大樓(11層含以上有電梯),住家用,鋼筋混凝土造,1010403,280.1,3,3,3,有,有,20880000,74545,坡道平面,0.0,0,夾層;其他增建;,RPOPMLTLJHGGFBB47DA,133.26,4.34,17.9,有,
北屯區,房地(土地+建物)+車位,文心路四段271~300號,10.5,都市：其他:第三種住宅區。,,,1100118,土地1建物1車位1,十五層,二十二層,住宅大樓(11層含以上有電梯),住家用,鋼筋混凝土造,1020725,125.14000000000001,2,2,1,有,有,10100000,80710,坡道平面,27.23,0,,RPROMLNJKHGGFBB96DA,56.87,3.16,6.01,有,9.0
北區,房地(土地+建物)+車位,健行路766巷31~60號,7.05,都市：其他:第二種住宅區,,,1100129,土地1建物1車位1,四層,十三層,住宅大樓(11層含以上有電梯),住家用,鋼筋混凝土造,0840308,64.61,0,0,0,無,有,2550000,39468,坡道平面,0.0,950000,親友、員工、共有人或其他特殊關係間之交易;,RPSRMLOJKHGGFBB47DA,18.72,0.0,4.78,有,
北區,房地(土地+建物),健行路766巷31~60號,3.81,都市：其他:第二種住宅區,,,1100129,土地1建物1車位0,四層,十三層,住宅大樓(11層含以上有電梯),住家用,鋼筋混凝土造,0840308,34.71,0,0,0,無,有,1600000,46096,,0.0,0,親友、員工、共有人或其他特殊關係間之交易;,RPVRMLOJKHGGFBB77DA,18.72,0.0,4.78,有,
北區,房地(土地+建物)+車位,五常街361~390號,3.06,都市：其他:第一種商業區,,,1100119,土地1建物1車位1,三層,十七層,住宅大樓(11層含以上有電梯),住家用,鋼筋混凝土造,0971128,45.2,1,1,1,有,有,3750000,82965,坡道機械,14.86,0,,RPSNMLPJKHGGFBB17DA,17.02,0.0,1.48,有,
北區,房地(土地+建物),五常街361~390號,2.67,都市：其他:第一種商業區,,,1100115,土地1建物1車位0,八層,十七層,住宅大樓(11層含以上有電梯),住家用,鋼筋混凝土造,0971128,28.33,1,1,1,有,有,2720000,96011,,0.0,0,,RPORMLPJKHGGFBB17DA,15.9,0.0,1.48,有,
西屯區,房地(土地+建物)+車位,福祥街1~30號,38.42,都市：其他:第一種住宅區,,,1091224,土地1建物1車位2,七層,十三層,住宅大樓(11層含以上有電梯),住家用,鋼筋混凝土造,0850805,271.35,3,2,2,有,有,18500000,68178,坡道平面,0.0,0,,RPUPMLTLKIPFFCB56DA,155.32,18.17,0.0,有,10.0
西屯區,房地(土地+建物)+車位,文心路三段1~30號,10.54,都市：其他:第三種商業區,,,1100116,土地1建物1車位1,八層,十八層,住宅大樓(11層含以上有電梯),住家用,鋼筋混凝土造,0980813,143.88,3,2,1,有,有,12050000,99453,坡道平面,37.8,1500000,陽台外推;,RPRNMLQKJHGGFCB27DA,62.86,11.1,0.0,有,12.0
西屯區,房地(土地+建物)+車位,臺灣大道三段571~600號,25.4,都市：其他:第三種商業區,,,1100102,土地1建物1車位3,十九層,二十八層,住宅大樓(11層含以上有電梯),住家用,鋼筋混凝土造,0991021,363.72,3,2,3,有,有,23880000,65655,坡道平面,54.58,0,,RPTNMLSLJHGGFCB77DA,185.92,25.53,0.0,有,
西屯區,房地(土地+建物)+車位,國安一路61~90號,22.74,都市：其他:住宅區,,,1091213,土地1建物1車位2,九層,二十二層,住宅大樓(11層含以上有電梯),住家用,鋼筋混凝土造,0971127,168.25,3,2,2,有,有,13650000,81129,坡道平面,43.42,0,陽台外推;,RPOSMLOJKHGGFCB27DA,75.24,12.07,0.0,有,
西屯區,房地(土地+建物),國安一路121~150號,14.76,都市：其他:住宅區,,,1100107,土地1建物1車位0,二十三層,二十四層,住宅大樓(11層含以上有電梯),住家用,鋼筋混凝土造,0991119,67.19,2,2,1,有,有,5900000,87811,,0.0,0,其他增建;,RPPOMLPJKHGGFCB07DA,40.87,5.35,0.0,有,
南屯區,房地(土地+建物)+車位,楓和路661~690號,25.73,都市：其他:第二之二種住宅區,,,1100105,土地1建物1車位2,十四層,十五層,住宅大樓(11層含以上有電梯),住家用,鋼筋混凝土造,1010808,179.1,3,2,2,有,有,12500000,69793,坡道機械,28.5,0,,RPROMLPJKHGGFCB27DA,85.76,15.4,0.0,有,
西屯區,房地(土地+建物)+車位,福瑞街151~180號,23.92,都市：其他:第一種住宅區,,,1100111,土地1建物1車位1,十二層,二十四層,住宅大樓(11層含以上有電梯),住家用,鋼筋混凝土造,0840107,178.60999999999999,4,2,2,有,有,8500000,47587,坡道平面,0.0,0,,RPSPMLPJKHGGFCB47DA,124.72,14.16,0.0,有,15.0
西屯區,房地(土地+建物)+車位,福強街91~120號,45.11,都市：其他:第一種住宅區,,,1100112,土地1建物1車位1,三層,二十四層,住宅大樓(11層含以上有電梯),住家用,鋼筋混凝土造,0840107,177.18,4,2,2,有,有,8300000,46845,坡道平面,0.0,0,,RPUPMLPJKHGGFCB67DA,123.27,15.58,0.0,有,
西屯區,房地(土地+建物)+車位,福星路151~180號,7.02,都市：其他:第二種住宅區,,,1091220,土地1建物1車位1,一層,十三層,住宅大樓(11層含以上有電梯),住家用,鋼筋混凝土造,0960929,79.2,1,1,1,有,有,6330000,79924,坡道平面,0.0,0,,RPOOMLRJKHGGFCB17DA,30.87,5.97,0.0,有,16.0
北屯區,房地(土地+建物)+車位,松竹五路二段1~30號,17.46,都市：其他:第二種住宅區,,,1091220,土地2建物1車位1,十三層,十五層,住宅大樓(11層含以上有電梯),住家用,鋼筋混凝土造,1010725,165.59,3,2,2,有,有,10680000,64497,坡道平面,38.7,0,,RPQNMLSJKHGGFBB37EA,71.53,6.65,8.07,有,30.0
南屯區,房地(土地+建物)+車位,文心南三路331~360號,29.82,都市：其他:第三之一種商業區,,,1100110,土地1建物1車位2,十九層,二十四層,住宅大樓(11層含以上有電梯),住家用,鋼筋混凝土造,1000615,375.17,5,2,4,有,有,33000000,87960,坡道平面,0.0,2400000,其他增建;,RPSPMLSJKHGGFCB87EA,198.63,25.11,0.0,有,
南屯區,房地(土地+建物)+車位,文心路一段331~360號,25.17,都市：其他:第二種住宅區,,,1100114,土地1建物1車位3,十三層，十四層,二十七層,住宅大樓(11層含以上有電梯),住家用,鋼筋混凝土造,0900912,414.03,6,3,4,有,有,30000000,74690,坡道平面,92.7,6000000,夾層;其他增建;,RPQPMLSJKHGGFCB67EA,209.3,20.65,0.0,有,
潭子區,房地(土地+建物)+車位,復興路一段31~60號,12.64,都市：其他:住宅區,,,1091227,土地1建物1車位1,八層,十三層,住宅大樓(11層含以上有電梯),住家用,鋼筋混凝土造,0820730,111.68,3,2,2,有,有,6500000,58202,坡道平面,0.0,0,,RPROMLMJKHGGFHB47DA,64.98,11.25,0.0,有,
潭子區,房地(土地+建物)+車位,勝利六街1~30號,13.66,都市：其他:住宅區,,,1100108,土地1建物1車位1,十二層,十三層,住宅大樓(11層含以上有電梯),住家用,鋼筋混凝土造,0851118,128.1,3,2,2,有,有,7470000,58314,坡道機械,0.0,0,,RPSNMLNKJHGGFHB57DA,78.71,12.02,0.0,有,
豐原區,房地(土地+建物)+車位,安康路1~30號,10.75,都市：其他:第二種住宅區,,,1091223,土地1建物1車位1,九層,十四層,住宅大樓(11層含以上有電梯),住家用,鋼筋混凝土造,0901018,100.81,3,2,2,有,有,6400000,63486,坡道機械,9.33,0,夾層;,RPQOMLQLJHGGFDB47DA,58.45,9.52,0.0,有,
南屯區,房地(土地+建物)+車位,忠勇路91~120號,11.59,都市：其他:第二種住宅區,,,1091231,土地1建物1車位1,九層,十六層,住宅大樓(11層含以上有電梯),住家用,鋼筋混凝土造,0830905,93.16999999999999,2,2,1,有,有,5000000,53665,坡道機械,0.0,0,,RPOPMLPJKHGGFCB07DA,59.49,10.33,0.0,有,
南屯區,房地(土地+建物)+車位,大墩路691~720號,15.53,都市：其他:第二之一種商業區,,,1091117,土地1建物1車位1,十一層,十六層,住宅大樓(11層含以上有電梯),住家用,鋼筋混凝土造,0840519,145.13,3,2,2,有,有,9000000,62013,坡道機械,0.0,0,,RPQOMLTJKHGGFCB57DA,87.08,9.67,0.0,有,
南屯區,房地(土地+建物),大墩四街1~30號,45.87,都市：其他:第二種住宅區,,,1091210,土地1建物1車位0,十三層,十九層,住宅大樓(11層含以上有電梯),住家用,鋼筋混凝土造,0961225,455.62,4,3,3,有,有,33590000,73724,,0.0,0,,RPPPMLOJKHGGFCB07DA,273.45,26.39,0.0,有,
南屯區,房地(土地+建物)+車位,河南路四段691~720號,28.82,都市：其他:第二種住宅區,,,1091213,土地1建物1車位2,六層,十四層,住宅大樓(11層含以上有電梯),住家用,鋼筋混凝土造,0950222,302.14,5,2,2,有,有,22000000,72814,坡道平面,43.82,0,陽台外推;,RPRQPLMJKHGGFCB47DA,169.85,18.06,0.0,有,
南屯區,房地(土地+建物)+車位,向上路五段1~30號,16.42,都市：其他:第二種住宅區,,,1100109,土地1建物2車位1,八層,十七層,住宅大樓(11層含以上有電梯),住家用,鋼筋混凝土造,0861128,214.51,4,2,2,有,有,11130000,51886,坡道平面,16.35,0,陽台外推;,RPPVMLTLJHGGFCB28DA,123.27,21.07,0.0,有,
西屯區,房地(土地+建物),文心路二段541~570號,7.97,都市：其他:第三種住宅區。,,,1100114,土地1建物1車位0,十三層,二十三層,住宅大樓(11層含以上有電梯),住家用,鋼筋混凝土造,0941110,118.92,3,2,2,有,有,9750000,81988,,0.0,0,,RPROMLSLJHGGFCB67DA,61.38,19.7,0.0,有,
西屯區,房地(土地+建物)+車位,河南路三段151~180號,29.2,都市：其他:第一種新市政中心專用區,,,1090907,土地1建物1車位2,四層,十五層,住宅大樓(11層含以上有電梯),住家用,鋼筋混凝土造,0970627,283.47,3,2,2,有,有,25730000,98876,坡道平面,49.54,2600000,,RPRQMLRLJHGGFCB77DA,139.07,24.65,0.0,有,
南屯區,房地(土地+建物)+車位,公益路二段511~540號,15.11,都市：其他:第三種住宅區。,,,1091229,土地1建物1車位1,六層,十四層,住宅大樓(11層含以上有電梯),住家用,鋼筋混凝土造,0841128,156.22,4,2,2,有,有,9800000,62732,坡道機械,0.0,0,陽台外推;,RPRNMLQLJHGGFCB37DA,105.13,13.05,0.0,有,
西屯區,房地(土地+建物)+車位,河南路二段301~330號,10.39,都市：其他:第三種商業區,,,1100111,土地1建物1車位1,五層,十四層,住宅大樓(11層含以上有電梯),住家用,鋼筋混凝土造,0860621,124.47,3,2,2,有,有,8850000,71101,坡道平面,16.95,0,,RPWNMLNKJHGGFCB47DA,70.37,7.32,0.0,有,45.0
西屯區,房地(土地+建物)+車位,黎明路三段241~270號,13.53,都市：其他:第二種商業區,,,1100106,土地1建物1車位1,七層,十三層,住宅大樓(11層含以上有電梯),住家用,鋼筋混凝土造,0830927,134.01,3,2,2,有,有,8860000,66114,升降機械,0.0,600000,陽台外推;其他增建;,RPRQMLQJJHGGFCB47DA,89.16,12.61,0.0,有,
北屯區,房地(土地+建物)+車位,北安街31~60號,11.0,都市：其他:第二種住宅區,,,1100108,土地1建物1車位1,七層,十四層,住宅大樓(11層含以上有電梯),住家用,鋼筋混凝土造,0840409,122.43,3,2,2,有,有,7700000,62893,坡道機械,0.0,0,,RPPQMLPJKHGGFBB17DA,69.26,2.34,15.81,有,46.0
北屯區,房地(土地+建物)+車位,文心路四段271~300號,11.8,都市：其他:第三種住宅區。,,,1091225,土地1建物1車位1,二十層,二十二層,住宅大樓(11層含以上有電梯),住家用,鋼筋混凝土造,1020725,140.67000000000002,2,2,2,有,有,11270000,80117,坡道平面,0.0,0,,RPVOMLSJKHGGFBB87DA,64.66,4.37,7.46,有,
北區,房地(土地+建物)+車位,進化北路301~330號,6.29,都市：其他:第一種商業區,,,1100121,土地2建物1車位1,十三層,十八層,住宅大樓(11層含以上有電梯),住家用,鋼筋混凝土造,0941208,85.2,1,1,1,有,有,5820000,68310,坡道機械,15.94,0,陽台外推;,RPTWMLSJKHGGFBB48DA,43.34,0.0,6.12,有,
北區,房地(土地+建物),青島路一段1~30號,11.52,都市：其他:第二種住宅區,,,1091227,土地1建物1車位0,七層,十三層,住宅大樓(11層含以上有電梯),住家用,見其他登記事項,0921218,79.67,2,2,1,有,有,6100000,76566,,0.0,0,,RPQSMLSJKHGGFBB77DA,55.52,0.0,3.82,有,48.0
北區,房地(土地+建物),健行路421~450號,3.6,都市：其他:第二種住宅區,,,1100202,土地1建物1車位0,九層,十六層,住宅大樓(11層含以上有電梯),住家用,鋼筋混凝土造,0840526,29.589999999999996,1,0,1,有,有,1800000,60831,,0.0,0,,RPQPMLMJKHGGFBB86DA,15.47,0.0,2.75,有,
北區,房地(土地+建物),漢口路四段31~60號,4.16,都市：其他:第二種住宅區,,,1100126,土地1建物1車位0,十二層,十三層,住宅大樓(11層含以上有電梯),住家用,鋼筋混凝土造,0821211,37.42,1,1,1,有,有,1680000,44896,,0.0,0,,RPSOMLLJKHGGFBB86DA,24.76,0.0,3.57,有,
北區,房地(土地+建物)+車位,中清路一段631~660號,10.73,都市：其他:第二種住宅區,,,1100109,土地1建物1車位1,十一層,二十層,住宅大樓(11層含以上有電梯),住家用,鋼筋混凝土造,0880616,136.18,3,2,2,有,有,8350000,61316,坡道機械,0.0,0,,RPSNMLOLJHGGFBB17DA,73.49,0.0,11.23,有,52.0
北屯區,房地(土地+建物)+車位,東山路一段218巷6之7弄1~30號,46.91,都市：其他:第一種住宅區,,,1091017,土地1建物1車位1,十三層,十三層,住宅大樓(11層含以上有電梯),住家用,鋼筋混凝土造,0801028,179.4,4,2,2,有,有,7000000,39021,坡道機械,0.0,0,,RPOVMLQLJHGGFBB77DA,119.18,0.0,17.07,有,
北屯區,房地(土地+建物),北屯路240巷61~90號,14.4,都市：其他:第二種住宅區,,,1091231,土地1建物1車位0,二層,十四層,住宅大樓(11層含以上有電梯),住家用,鋼筋混凝土造,0810627,133.76999999999998,3,2,2,有,有,6600000,49338,,0.0,0,,RPXPMLOKJHGGFBB77DA,103.08,1.82,11.56,有,
北屯區,房地(土地+建物),北屯路391~420號,17.44,都市：其他:第三種住宅區。,,,1100107,土地2建物1車位0,五層,十四層,住宅大樓(11層含以上有電梯),住家用,鋼筋混凝土造,0890218,139.94,4,2,2,有,有,8360000,59740,,0.0,0,夾層;,RPWPMLPKJHGGFBB77DA,88.68,0.0,14.46,有,
北屯區,房地(土地+建物)+車位,遼寧路一段160巷1~30號,16.34,都市：其他:第三種住宅區。,,,1091225,土地2建物1車位1,八層,十四層,住宅大樓(11層含以上有電梯),住家用,鋼筋混凝土造,0890218,148.11,2,2,2,有,有,8880000,59955,坡道平面,16.51,0,,RPOPMLQJJHGGFBB96DA,81.08,0.0,15.89,有,55.0
北區,房地(土地+建物)+車位,太原路二段181~210號,11.84,都市：其他:第一種商業區,,,1091207,土地1建物1車位1,十二層,十四層,住宅大樓(11層含以上有電梯),住家用,見其他登記事項,0930903,112.66,3,2,2,有,有,8580000,76158,坡道機械,11.59,0,陽台外推;,RPXNNLQKKIPFFBB88DA,58.73,0.0,15.94,有,
西區,房地(土地+建物)+車位,美村路一段571~600號,25.04,都市：其他:第二種住宅區,,,1091205,土地2建物1車位1,十三層,十四層,住宅大樓(11層含以上有電梯),住家用,鋼筋混凝土造,0860104,252.39,4,2,2,有,有,14850000,58838,坡道平面,0.0,0,,RPQPMLTJKHGGFAB47DA,150.95,25.97,0.0,有,
西區,房地(土地+建物),三民路一段31~60號,2.38,都市：其他:第一種商業區,,,1100107,土地2建物1車位0,八層,十九層,住宅大樓(11層含以上有電梯),住家用,鋼筋混凝土造,0840113,29.48,1,1,1,有,有,1470000,49864,,0.0,0,,RPORMLNKJHGGFAB86DA,15.69,5.06,0.0,有,58.0
南區,房地(土地+建物),平順街181~210號,33.87,都市：其他:第二種住宅區,,,1091230,土地1建物1車位0,十二層,十六層,住宅大樓(11層含以上有電梯),住家用,鋼筋混凝土造,0811125,311.38,3,2,2,有,有,12500000,40144,,0.0,0,,RPQNMLNKJHGGFAB66DA,214.33,22.83,0.0,,
北屯區,房地(土地+建物)+車位,軍福十六路271~300號,15.26,都市：其他:第二種商業區,,,1100119,土地1建物1車位1,二層,十四層,住宅大樓(11層含以上有電梯),住家用,鋼筋混凝土造,1030613,152.44,3,2,2,有,有,8560000,56153,坡道機械,0.0,0,,RPORMLTJKHGGFBB57DA,82.37,0.75,9.66,有,71.0
北區,房地(土地+建物)+車位,進化北路301~330號,8.5,都市：其他:第一種商業區,,,1100119,土地2建物1車位1,十四層,十八層,住宅大樓(11層含以上有電梯),住家用,鋼筋混凝土造,0941208,105.58,2,1,1,有,有,7300000,69142,坡道機械,15.94,0,,RPPSMLTJKHGGFBB77DA,59.31,0.0,4.69,有,72.0
北屯區,房地(土地+建物),文心路四段931~960號,15.1,都市：其他:第三種住宅區。,,,1100117,土地1建物1車位0,四層,十四層,住宅大樓(11層含以上有電梯),住家用,鋼筋混凝土造,0811127,170.3,4,2,2,有,有,8180000,48033,,0.0,0,,RPOPMLRKKHGGFBB27DA,119.49,0.0,14.98,有,74.0
北屯區,房地(土地+建物),文心路四段811~840號,4.87,都市：其他:第一種商業區,,,1100118,土地1建物1車位0,十一層,二十四層,住宅大樓(11層含以上有電梯),住家用,鋼筋混凝土造,0850627,41.78,1,0,1,有,有,2350000,56247,,0.0,0,,RPSNMLRKKHGGFBB47DA,24.25,0.0,3.47,有,
西屯區,房地(土地+建物)+車位,市政北一路241~270號,11.12,都市：其他:第六種新市政中心專用區,,,1091215,土地1建物1車位1,八層,二十八層,住宅大樓(11層含以上有電梯),住家用,鋼筋混凝土造,0951113,151.05,1,1,2,有,有,10150000,71865,坡道平面,34.86,1800000,陽台外推;,RPUQMLPKKIPFFCB78DA,66.87,15.56,0.0,有,
西屯區,房地(土地+建物)+車位,市政北一路241~270號,10.68,都市：其他:第六種新市政中心專用區,,,1091215,土地1建物1車位1,八層,二十八層,住宅大樓(11層含以上有電梯),住家用,鋼筋混凝土造,0951113,148.3,3,1,1,有,有,9850000,71865,坡道平面,32.11,1500000,陽台外推;,RPXQMLPKKIPFFCB09DA,66.87,15.56,0.0,有,
西屯區,房地(土地+建物),黎明路三段301~330號,6.68,都市：其他:第二種商業區,,,1091015,土地1建物1車位0,十三層,十三層,住宅大樓(11層含以上有電梯),住家用,鋼筋混凝土造,0840220,53.81,1,1,1,有,有,3450000,64114,,0.0,0,,RPXOMLRKKHGGFCB28EA,31.42,4.47,0.0,有,
西屯區,房地(土地+建物)+車位,西屯路三段151~180號,11.88,都市：其他:住宅區,,,1100209,土地1建物1車位1,六層,二十一層,住宅大樓(11層含以上有電梯),住家用,鋼筋混凝土造,1031119,116.16999999999999,3,2,2,有,有,8550000,73599,坡道平面,0.0,0,,RPPNMLTJKHGGFCB47EA,55.93,7.87,0.0,,
南屯區,房地(土地+建物)+車位,公益路二段481~510號,11.74,都市：其他:第三種住宅區。,,,1100111,土地1建物1車位1,四層,十四層,住宅大樓(11層含以上有電梯),住家用,見其他登記事項,0940117,137.6,3,2,2,有,有,11000000,88145,坡道平面,26.42,1200000,,RPWPMLSKKHGGFCB38EA,77.67,4.56,0.0,,
南屯區,房地(土地+建物)+車位,大進街511~540號,14.83,都市：其他:第二種住宅區,,,1100102,土地1建物1車位1,八層,十四層,住宅大樓(11層含以上有電梯),住家用,鋼筋混凝土造,0830616,146.89000000000001,3,2,2,有,有,10850000,73865,坡道機械,0.0,0,,RPQNMLQJKHGGFCB17DA,98.25,16.54,0.0,,
南屯區,房地(土地+建物),大墩十一街511~540號,8.59,都市：其他:第三種住宅區。,,,1100202,土地1建物1車位0,十一層,十四層,住宅大樓(11層含以上有電梯),住家用,鋼筋混凝土造,0851214,83.93,2,2,1,有,有,7200000,85786,,0.0,0,,RPSOMLPJKHGGFCB37DA,54.26,9.27,0.0,,
西屯區,房地(土地+建物)+車位,市政北二路61~90號,71.08,都市：其他:第一種新市政中心專用區,,,1091223,土地1建物1車位3,十一層,十四層,住宅大樓(11層含以上有電梯),住家用,鋼筋混凝土造,0940825,512.06,4,2,3,有,有,52880000,103269,坡道平面,75.45,0,,RPUPMLTJKHGGFCB08DA,273.95,29.26,0.0,,
西屯區,房地(土地+建物)+車位,臺灣大道三段661~690號,18.45,都市：其他:第四之一種商業區,,,1091105,土地1建物1車位1,十一層,二十四層,住宅大樓(11層含以上有電梯),住家用,鋼筋混凝土造,1020603,266.07,4,2,2,有,有,23980000,90127,坡道平面,29.08,0,,RPVPMLTJKHGGFCB18DA,136.15,20.86,0.0,,
西屯區,房地(土地+建物)+車位,國安一路211~240號,11.87,都市：其他:住宅區,,,1091226,土地1建物1車位1,二十一層,二十一層,住宅大樓(11層含以上有電梯),住家用,鋼筋混凝土造,1031113,136.74,2,2,1,有,有,10000000,73131,坡道平面,40.26,0,,RPSOMLRKKHGGFCB67DA,55.67,8.2,0.0,,
西屯區,房地(土地+建物)+車位,國安一路151~180號,27.99,都市：其他:住宅區,,,1091111,土地1建物1車位2,十二層,二十三層,住宅大樓(11層含以上有電梯),住家用,鋼筋混凝土造,0970630,312.25,4,2,3,有,有,21580000,69111,坡道平面,44.16,0,,RPTVMLNJKHGGFCB97DA,166.31,21.87,0.0,,
西屯區,房地(土地+建物)+車位,上石路181巷1~30號,16.04,都市：其他:第三種商業區,,,1100122,土地5建物1車位1,二層,十四層,住宅大樓(11層含以上有電梯),住家用,鋼筋混凝土造,0951003,164.65,3,2,2,有,有,13925000,84573,坡道平面,28.06,0,,RPVRMLMLJHGGFCB77DA,85.89,12.73,0.0,,
北區,房地(土地+建物),漢口路四段91~120號,4.58,都市：其他:第二種住宅區,,,1100121,土地1建物1車位0,十一層,十四層,住宅大樓(11層含以上有電梯),住家用,鋼筋混凝土造,0850716,28.699999999999996,1,0,1,有,有,1580000,55052,,0.0,0,,RPRPMLRKKHGGFBB57DA,15.49,0.0,2.84,有,
北區,房地(土地+建物)+車位,青島東街1~30號,11.6,都市：其他:第二種住宅區,,,1100120,土地1建物1車位1,十三層,十四層,住宅大樓(11層含以上有電梯),住家用,鋼筋混凝土造,0951225,119.02000000000001,2,2,1,有,有,8280000,69568,坡道機械,21.34,0,陽台外推;,RPRNMLSKKHGGFBB47DA,63.78,0.0,8.51,有,
北屯區,房地(土地+建物)+車位,敦化路一段406巷1~30號,9.27,都市：其他:第二種住宅區,,,1100110,土地1建物1車位1,七層,十四層,住宅大樓(11層含以上有電梯),住家用,鋼筋混凝土造,0840807,94.56,2,2,1,有,有,5780000,61125,坡道機械,0.0,0,,RPPNMLQKKHGGFBB07DA,60.15,1.32,10.51,有,
北屯區,房地(土地+建物)+車位,和福路121~150號,17.94,都市：其他:第二種商業區,,,1100112,土地1建物1車位2,十四層,十五層,住宅大樓(11層含以上有電梯),住家用,鋼筋混凝土造,1031027,190.29,3,2,2,有,有,14000000,73572,坡道機械,21.34,0,含裝潢費;含傢俱設備費;,RPTNMLPJKHGGFBB27DA,100.88,1.68,10.9,有,
北屯區,房地(土地+建物)+車位,文心路四段991~1020號,9.71,都市：其他:第三種住宅區。,,,1100116,土地1建物1車位1,二十三層，二十四層,二十四層,住宅大樓(11層含以上有電梯),住家用,鋼筋混凝土造,0910807,136.62,4,2,2,有,有,9700000,71000,坡道機械,13.1,0,陽台外推;,RPRNMLPJKHGGFBB07DA,81.91,1.65,6.94,有,
北區,房地(土地+建物),進化北路361~390號,3.18,都市：其他:第一種商業區,,,1100122,土地1建物1車位0,八層,十八層,住宅大樓(11層含以上有電梯),住家用,鋼筋混凝土造,0830207,35.75,1,0,1,有,有,1700000,47552,,0.0,0,其他增建;,RPUONLMLJHGGFBB37DA,20.69,0.0,4.11,有,
南區,房地(土地+建物),工學一街167巷1~30號,10.98,都市：其他:第三種住宅區。,,,1100127,土地1建物1車位0,四層,十三層,住宅大樓(11層含以上有電梯),住家用,鋼筋混凝土造,0870930,65.94,1,1,1,有,有,2200000,33364,,0.0,0,,RPSOMLSKKHGGFAB57DA,47.23,4.62,0.0,,
南區,房地(土地+建物),忠明南路759巷1~30號,13.77,都市：其他:第二種住宅區,,,1100109,土地1建物1車位0,七層,十四層,住宅大樓(11層含以上有電梯),住家用,鋼筋混凝土造,0870507,105.47999999999999,3,2,2,有,有,5600000,53091,,0.0,0,,RPSUMLTJKHGGFAB18DA,76.16,8.47,0.0,,115.0
西區,房地(土地+建物),三民路一段50巷1~30號,2.74,都市：其他:第一種商業區,,,1100111,土地2建物1車位0,十七層,十九層,住宅大樓(11層含以上有電梯),住家用,鋼筋混凝土造,0840113,35.73,1,1,1,有,有,1920000,53736,,0.0,0,,RPPPMLLLJHGGFAB66DA,19.37,3.94,0.0,,118.0
鼓山區,房地(土地+建物)+車位,河西一路1441~1470號,10.64,都市：其他:特定第五種住宅區,,,1100110,土地1建物1車位1,十五層,十五層,住宅大樓(11層含以上有電梯),住家用,鋼筋混凝土造,0960510,84.91,2,2,1,有,有,6450000,75963,坡道機械,8.25,0,,RPSNMLKKJHGGFAE86DA,43.39,7.75,0.0,有,1.0
鼓山區,房地(土地+建物),美術東二路481~510號,13.57,都市：其他:特定第五種住宅區,,,1100110,土地1建物1車位0,三層,十四層,住宅大樓(11層含以上有電梯),住家用,鋼筋混凝土造,0931208,89.99000000000001,2,2,1,有,有,4500000,50006,,0.0,0,,RPTNMLKKJHGGFAE96DA,59.97,4.79,0.0,有,
鼓山區,房地(土地+建物)+車位,裕誠路1771~1800號,21.25,都市：其他:第四種商業區,,,1100111,土地1建物1車位2,十四層,二十四層,住宅大樓(11層含以上有電梯),住家用,鋼筋混凝土造,1030613,339.27,4,2,3,有,有,29280000,86303,坡道平面,35.96,0,含裝潢費;,RPTOMLKLJHGGFAE17DA,176.84,31.73,0.0,有,
鼓山區,房地(土地+建物)+車位,美術北五街121~150號,25.18,都市：其他:特定第五種住宅區,,,1100115,土地1建物1車位1,七層,二十一層,住宅大樓(11層含以上有電梯),住家用,見其它登記事項,1030508,296.83,3,1,3,有,有,13000000,43796,坡道平面,26.54,0,親友、員工、共有人或其他特殊關係間之交易;,RPQOMLRLJHGGFAE57DA,154.59,23.97,0.0,有,2.0
鼓山區,房地(土地+建物)+車位,明誠四路301~330號,28.9,都市：其他:特定第四種商業區,,,1091226,土地1建物1車位2,十六層,二十四層,住宅大樓(11層含以上有電梯),住家用,鋼筋混凝土造,0971001,308.28999999999996,4,2,2,有,有,25980000,84271,坡道平面,45.52,0,有裝潢.無增建,RPTNMLPJKHGGFAE47DA,157.85,20.74,0.0,有,
前鎮區,房地(土地+建物),長江街91~120號,10.55,都市：其他:第五種住宅區,,,1100107,土地1建物1車位0,二十二層,二十四層,住宅大樓(11層含以上有電梯),住家用,鋼筋混凝土造,0800327,159.47,4,2,2,有,有,7300000,45777,,0.0,0,,RPTOMLMKJHGGFCE47DA,120.54,11.0,0.0,有,4.0
小港區,房地(土地+建物)+車位,中安路871~900號,31.47,都市：其他:第三種住宅區。,,,1091223,土地1建物1車位1,十層,十五層,住宅大樓(11層含以上有電梯),住家用,鋼筋混凝土造,1031201,190.31,3,2,2,有,有,9600000,50444,坡道平面,16.51,0,,RPQNMLLMJHGGFCE17DA,101.98,12.16,0.0,有,5.0
三民區,房地(土地+建物),正興路1~30號,18.81,都市：其他:第四種商業區,,,1100118,土地1建物1車位0,二十三層,二十五層,住宅大樓(11層含以上有電梯),住家用,鋼筋混凝土造,0810514,269.89,3,2,3,有,有,9700000,35941,,0.0,0,陽台外推;,RPVOMLSKJHGGFDE38DA,175.82,19.28,0.0,有,
三民區,房地(土地+建物)+車位,覺民路285巷31~60號,17.49,都市：其他:第三種特定商業專用區,,,1091220,土地2建物1車位1,十二層,十五層,住宅大樓(11層含以上有電梯),住家用,鋼筋混凝土造,1040813,156.70999999999998,3,2,2,有,有,8000000,51050,坡道平面,25.92,0,,RPVOMLKLJHGGFDE67DA,74.99,10.03,0.0,有,7.0
三民區,房地(土地+建物)+車位,黃興路61~90號,36.15,都市：其他:第四種住宅區,,,1100108,土地1建物1車位2,八層,十五層,住宅大樓(11層含以上有電梯),住家用,鋼筋混凝土造,1030826,255.08999999999997,3,2,3,有,有,18400000,72131,坡道平面,62.82,0,,RPOOMLPJKHGGFDE37DA,108.1,15.14,0.0,有,9.0
三民區,房地(土地+建物)+車位,鼎義街91~120號,15.7,都市：其他:第四種住宅區,,,1091226,土地1建物1車位1,二層,十三層,住宅大樓(11層含以上有電梯),住家用,鋼筋混凝土造,0900308,126.59,3,2,2,有,有,6200000,48977,坡道平面,21.1,0,含機車位一格,RPROMLOJKHGGFDE57DA,65.14,9.13,0.0,有,10.0
左營區,房地(土地+建物),新莊一路181~210號,13.61,都市：其他:第五種住宅區,,,1091129,土地1建物1車位0,十二層,十四層,住宅大樓(11層含以上有電梯),住家用,鋼筋混凝土造,0940520,120.52000000000001,3,2,2,有,有,7400000,61401,,0.0,0,,RPRPMLLJKIPFFEE38DA,73.93,8.71,0.0,有,
楠梓區,房地(土地+建物)+車位,楠裕街31~60號,11.28,都市：其他:第四種商業區,,,1091201,土地1建物1車位1,十層,二十層,住宅大樓(11層含以上有電梯),住家用,鋼筋混凝土造,1020529,142.5,3,2,2,有,有,7500000,50522,坡道平面,23.74,1500000,,RPUQMLLJKIPFFEE78DA,69.41,14.09,0.0,有,12.0
三民區,房地(土地+建物),大順二路181~210號,9.38,都市：其他:第五種商業區,,,1091210,土地1建物1車位0,六層,十四層,住宅大樓(11層含以上有電梯),住家用,鋼筋混凝土造,0940614,129.48,4,2,2,有,有,7500000,57924,,0.0,0,,RPUOMLSJKHGGFDE28DA,84.26,8.95,0.0,有,13.0
左營區,房地(土地+建物)+車位,至聖路181~210號,16.28,都市：其他:第二種特定商業專用區,,,1100109,土地1建物1車位1,十四層,十四層,住宅大樓(11層含以上有電梯),住家用,見其它登記事項,0900920,134.07,3,2,2,有,有,8580000,63996,坡道平面,23.78,0,本標的目前有滲漏水情形，此價格為已折讓後價金。,RPQPMLLKJHGGFEE37DA,65.98,11.88,0.0,有,14.0
楠梓區,房地(土地+建物)+車位,鳳楠路91~120號,20.6,都市：其他:第五種住宅區,,,1100106,土地1建物1車位1,三層,十五層,住宅大樓(11層含以上有電梯),住家用,鋼筋混凝土造,1021028,163.32,3,2,2,有,有,6580000,40289,坡道機械,6.65,0,,RPWNMLPJKHGGFEE18DA,94.1,10.17,0.0,有,18.0
左營區,房地(土地+建物)+車位,文府路331~360號,14.48,都市：其他:第三種住宅區。,,,1100112,土地1建物1車位1,十層,十四層,住宅大樓(11層含以上有電梯),住家用,鋼筋混凝土造,0861215,147.82,4,2,2,有,有,7800000,52767,坡道機械,8.5,0,屋況全新翻修裝潢,RPVOMLPJKHGGFEE18DA,97.94,7.24,0.0,有,20.0
楠梓區,房地(土地+建物)+車位,土庫二路181~210號,14.26,都市：其他:第三種住宅區。,,,1100105,土地2建物1車位1,七層,二十層,住宅大樓(11層含以上有電梯),住家用,見其它登記事項,1030626,137.92000000000002,3,2,2,有,有,7050000,51117,坡道平面,23.17,0,,RPPPMLPJKHGGFEE67DA,63.45,11.17,0.0,有,21.0
左營區,房地(土地+建物)+車位,大中二路571~600號,12.0,都市：其他:第五種住宅區,,,1100109,土地1建物1車位1,七層,二十層,住宅大樓(11層含以上有電梯),住家用,鋼筋混凝土造,0850424,164.10000000000002,4,2,2,有,有,7300000,44485,坡道平面,0.0,0,附家電家具,RPRPMLPJKHGGFEE87DA,102.53,14.87,0.0,有,
左營區,房地(土地+建物)+車位,民族一路991~1020號,13.76,都市：其他:第五種住宅區,,,1100102,土地1建物1車位1,七層,十五層,住宅大樓(11層含以上有電梯),住家用,見其它登記事項,1001202,150.69,2,2,2,有,有,8380000,55611,坡道平面,17.58,0,,RPVNMLSJKHGGFEE38DA,79.61,13.13,0.0,有,
左營區,房地(土地+建物)+車位,新莊一路181~210號,14.36,都市：其他:第五種住宅區,,,1100107,土地1建物1車位1,五層,十四層,住宅大樓(11層含以上有電梯),住家用,鋼筋混凝土造,0940520,127.02000000000001,3,2,2,有,有,7800000,61408,坡道機械,8.94,0,,RPUOMLSJKHGGFEE38DA,72.19,8.74,0.0,有,
林園區,房地(土地+建物)+車位,王公路58巷1~30號,12.82,都市：其他:,,,1100115,土地3建物1車位1,四層,十三層,住宅大樓(11層含以上有電梯),住家用,鋼筋混凝土造,0840501,121.74,3,2,2,有,有,2600000,21357,升降機械,0.0,0,,RPPNMLSJKHGGFLE48DA,74.09,9.23,9.56,有,
鼓山區,房地(土地+建物)+車位,美術東八街61~90號,24.97,都市：其他:特定第五種住宅區,,,1100108,土地1建物1車位1,十層,十四層,住宅大樓(11層含以上有電梯),住家用,鋼筋混凝土造,0920904,196.7,3,2,2,有,有,12200000,62023,坡道平面,0.0,0,,RPUNMLSJKHGGFAE97EA,110.01,12.32,0.0,有,46.0
鼓山區,房地(土地+建物),美術南二路121~150號,9.99,都市：其他:特定第五種住宅區,,,1091214,土地1建物1車位0,二層,十四層,住宅大樓(11層含以上有電梯),住家用,鋼筋混凝土造,0940616,81.44,2,2,1,有,有,5350000,65693,,0.0,0,,RPVNMLTJKHGGFAE18EA,48.03,8.61,0.0,有,47.0
鳳山區,房地(土地+建物)+車位,自強二路158巷1~30號,11.78,都市：其他:第三之一種住宅區,,,1100105,土地1建物1車位1,十四層,十四層,住宅大樓(11層含以上有電梯),住家用,鋼筋混凝土造,0880430,135.69,3,2,2,有,有,7000000,51588,坡道平面,21.62,0,,RPSNMLSJKHGGFGE28DA,73.73,0.0,11.58,有,
鳳山區,房地(土地+建物),文學街1~30號,30.56,都市：其他:第三之一種住宅區,,,1100101,土地1建物1車位0,八層,十三層,住宅大樓(11層含以上有電梯),住家用,鋼筋混凝土造,0790820,171.93,4,2,2,有,有,7000000,40714,,0.0,0,,RPTPMLSJKHGGFGE58DA,118.23,0.63,13.18,有,
左營區,房地(土地+建物)+車位,民族一路961~990號,11.75,都市：其他:第五種住宅區,,,1100103,土地2建物1車位1,八層,十四層,住宅大樓(11層含以上有電梯),住家用,見使用執照,0880323,125.35,3,1,2,有,有,5200000,41484,坡道機械,10.4,0,親友、員工、共有人或其他特殊關係間之交易;,RPTNMLRJKHGGFEE08DA,75.39,11.45,0.0,有,
左營區,房地(土地+建物)+車位,孟子路601~630號,27.36,都市：其他:第四種住宅區,,,1091230,土地1建物1車位1,十一層,十三層,住宅大樓(11層含以上有電梯),住家用,鋼筋混凝土造,1001003,219.31,3,2,2,有,有,16880000,76969,坡道平面,18.17,0,陽台外推;,RPPNMLSJKHGGFEE77DA,115.18,17.77,0.0,有,58.0
楠梓區,房地(土地+建物),楠梓新路261巷16弄1~30號,9.78,都市：其他:第四種住宅區,,,1091209,土地1建物1車位0,七層,十九層,住宅大樓(11層含以上有電梯),住家用,鋼筋混凝土造,0830628,108.33,3,2,2,有,有,3810000,35170,,0.0,0,,RPPOMLRKKHGGFEE87DA,87.74,10.5,0.0,有,
左營區,房地(土地+建物)+車位,果峰街12巷1~30號,14.53,都市：其他:第五種住宅區,,,1100115,土地1建物1車位1,六層,十五層,住宅大樓(11層含以上有電梯),住家用,鋼筋混凝土造,0970410,129.48,3,2,2,有,有,6670000,51514,坡道平面,15.88,0,,RPUNMLSJKHGGFEE28DA,71.55,6.58,0.0,有,
楠梓區,房地(土地+建物),加昌路769巷1~30號,9.6,都市：其他:第五種商業區,,,1100121,土地1建物1車位0,六層,十六層,住宅大樓(11層含以上有電梯),住家用,鋼筋混凝土造,0850705,119.92,3,2,2,有,有,3960000,33022,,0.0,0,,RPPOMLPLJHGGFEE67DA,77.6,13.26,0.0,有,64.0
三民區,房地(土地+建物)+車位,明誠一路151~180號,18.17,都市：其他:第四種住宅區,,,1100101,土地1建物1車位1,六層,十五層,住宅大樓(11層含以上有電梯),住家用,鋼筋混凝土造,1010926,134.94,2,2,1,有,有,7280000,53950,坡道平面,22.2,0,,RPQPMLOKJHGGFDE57DA,63.5,8.87,0.0,有,65.0
左營區,房地(土地+建物),重惠街61~90號,7.71,都市：其他:第四種商業區,,,1100108,土地1建物1車位0,八層,十四層,住宅大樓(11層含以上有電梯),住家用,見其它登記事項,0910930,79.88,3,2,2,有,有,4500000,56335,,0.0,0,,RPOOMLNKJHGGFEE27DA,49.86,7.79,0.0,有,66.0
三民區,房地(土地+建物)+車位,天祥二路1~30號,10.44,都市：其他:第五種住宅區,,,1100114,土地1建物1車位1,六層,十五層,住宅大樓(11層含以上有電梯),住家用,鋼筋混凝土造,1030831,113.73,2,1,1,有,有,6500000,57153,坡道平面,23.23,0,,RPSNMLPJKHGGFDE67DA,50.55,8.08,0.0,有,68.0
三民區,房地(土地+建物)+車位,建興路419巷1~30號,13.13,都市：其他:第三種商業區,,,1100115,土地1建物1車位1,十三層,十五層,住宅大樓(11層含以上有電梯),住家用,鋼筋混凝土造,0980710,123.47,3,2,2,有,有,7350000,59529,坡道平面,22.5,0,,RPQNMLTJKHGGFDE87DA,63.76,4.91,0.0,有,
三民區,房地(土地+建物),興昌街1~30號,15.22,都市：其他:第三種住宅區。,,,1100103,土地1建物1車位0,十一層，電梯樓梯間,十六層,住宅大樓(11層含以上有電梯),住家用,鋼筋混凝土造,0830309,111.30999999999999,3,2,2,有,有,5030000,45189,,0.0,0,,RPOOMLOJKHGGFDE27DA,88.58,13.74,0.0,有,69.0
三民區,房地(土地+建物)+車位,民孝路61~90號,10.05,都市：其他:第四種商業區,,,1091221,土地1建物1車位1,八層,十六層,住宅大樓(11層含以上有電梯),住家用,鋼筋混凝土造,0880930,128.84,3,2,2,有,有,6480000,50295,坡道機械,16.61,0,,RPRNMLTKJHGGFDE97DA,73.66,10.85,0.0,有,
三民區,房地(土地+建物)+車位,鼎愛街1~30號,17.58,都市：其他:第四種住宅區,,,1100108,土地1建物1車位1,四層,十三層,住宅大樓(11層含以上有電梯),住家用,鋼筋混凝土造,0901130,140.87,3,2,2,有,有,7200000,51111,坡道平面,26.6,0,,RPPOMLTKJHGGFDE87DA,70.77,10.58,0.0,有,
苓雅區,房地(土地+建物)+車位,河北路211~240號,23.02,都市：其他:第五種住宅區,,,1091124,土地1建物1車位2,二十四層,二十七層,住宅大樓(11層含以上有電梯),住家用,鋼筋混凝土造,1040901,264.53999999999996,3,2,2,有,有,21800000,79382,坡道平面,34.64,3550000,,RPPNMLNKJHGGFBE96DA,127.13,24.44,0.0,有,
鼓山區,房地(土地+建物)+車位,美術北五街91~120號,20.2,都市：其他:特定第五種住宅區,,,1100107,土地1建物1車位1,五層,二十一層,住宅大樓(11層含以上有電梯),住家用,見其它登記事項,1030508,242.37,3,2,2,有,有,16000000,66015,坡道平面,26.54,0,,RPSOMLSJJHGGFAE67DA,121.1,21.47,0.0,有,78.0
前金區,房地(土地+建物),河南二路151~180號,10.92,都市：其他:第四種住宅區,,,1100109,土地2建物1車位0,十二層,二十層,住宅大樓(11層含以上有電梯),住家用,鋼筋混凝土造,0841219,116.45,3,2,2,有,有,5680000,48776,,0.0,0,,RPPNMLTJJHGGFAE37DA,81.06,8.47,0.0,有,79.0
鼓山區,房地(土地+建物)+車位,美術北五街31~60號,16.47,都市：其他:特定第五種住宅區,,,1100104,土地1建物1車位1,三層,二十七層,住宅大樓(11層含以上有電梯),住家用,鋼筋混凝土造,1020301,210.71,3,2,2,有,有,15300000,72612,坡道平面,16.66,0,,RPVNMLSLJHGGFAE08DA,109.56,16.14,0.0,有,80.0
鼓山區,房地(土地+建物)+車位,青海路61~90號,25.1,都市：其他:特定第五種住宅區,,,1091120,土地1建物1車位1,十層,十四層,住宅大樓(11層含以上有電梯),住家用,鋼筋混凝土造,0940202,173.87,4,2,2,有,有,11680000,67177,坡道平面,19.64,0,,RPVOMLTLJHGGFAE28DA,95.1,12.9,0.0,有,
鼓山區,房地(土地+建物)+車位,大順一路617巷1~30號,16.26,都市：其他:第五種住宅區,,,1100116,土地1建物1車位1,七層,十三層,住宅大樓(11層含以上有電梯),住家用,鋼筋混凝土造,0901224,125.22999999999999,3,2,2,有,有,8350000,64519,坡道機械,9.76,900000,陽台外推;,RPRNMLQKJHGGFAE37DA,73.57,9.42,0.0,有,81.0
鼓山區,房地(土地+建物)+車位,神農路151~180號,27.8,都市：其他:第四種商業區,,,1091204,土地1建物1車位2,十二層,二十四層,住宅大樓(11層含以上有電梯),住家用,鋼筋混凝土造,0970111,366.11,4,2,3,有,有,33300000,90956,坡道平面,64.42,0,,RPPOMLLJKHGGFAE76DA,180.53,18.36,0.0,有,
鼓山區,房地(土地+建物)+車位,美術北三路211~240號,19.07,都市：其他:特定第四種商業區,,,1100119,土地1建物1車位1,七層,十五層,住宅大樓(11層含以上有電梯),住家用,鋼筋混凝土造,0951030,188.15,4,2,2,有,有,12500000,66436,坡道機械,7.01,0,,RPSNMLNJKHGGFAE17DA,114.36,11.92,0.0,有,
鼓山區,房地(土地+建物)+車位,明誠三路421~450號,13.29,都市：其他:第四種商業區,,,1100109,土地1建物1車位1,三層,十五層,住宅大樓(11層含以上有電梯),住家用,鋼筋混凝土造,0950823,130.95999999999998,3,2,2,有,有,9660000,73763,坡道機械,6.48,0,,RPPOMLNJKHGGFAE96DA,83.05,6.11,0.0,有,
鼓山區,房地(土地+建物)+車位,美術南三路61~90號,18.65,都市：其他:特定第五種住宅區,,,1100120,土地1建物1車位1,十三層,十四層,住宅大樓(11層含以上有電梯),住家用,鋼筋混凝土造,0921111,140.04000000000002,3,2,2,有,有,9500000,67838,坡道平面,23.84,0,,RPPOMLPLJHGGFAE27DA,72.96,9.05,0.0,有,82.0
前金區,房地(土地+建物)+車位,市中一路91~120號,6.12,都市：其他:第五種商業區,,,1100114,土地1建物1車位1,七層,二十二層,住宅大樓(11層含以上有電梯),住家用,鋼筋混凝土造,0910618,115.24000000000001,2,1,1,有,有,6300000,54669,坡道平面,38.22,0,含傢俱設備費;,RPUNMLTJKHGGFAE97DA,47.68,5.59,0.0,有,
鼓山區,房地(土地+建物)+車位,美術東八街1~30號,24.71,都市：其他:特定第五種住宅區,,,1091231,土地1建物1車位1,十五層,十五層,住宅大樓(11層含以上有電梯),住家用,鋼筋混凝土造,0990429,187.46,3,2,2,有,有,14300000,76283,坡道平面,29.16,0,,RPQNMLMLJHGGFAE96DA,97.88,12.77,0.0,有,84.0
苓雅區,房地(土地+建物)+車位,興中二路121~150號,9.21,都市：其他:第五種商業區,,,1091230,土地1建物1車位1,十三層,二十四層,住宅大樓(11層含以上有電梯),住家用,鋼筋混凝土造,1031031,142.99,3,2,2,有,有,11760000,82244,坡道機械,12.43,0,,RPOOMLTJKHGGFBE57DA,75.38,10.54,0.0,有,86.0
小港區,房地(土地+建物),高鳳路421~450號,11.05,都市：其他:第三種住宅區。,,,1100124,土地1建物1車位0,七層,十九層,住宅大樓(11層含以上有電梯),住家用,鋼筋混凝土造,0830629,123.7,3,2,2,有,有,3800000,30719,,0.0,0,,RPQOMLSJKHGGFCE77DA,83.58,1.48,12.06,有,
三民區,房地(土地+建物),明賢街91~120號,12.8,都市：其他:第二種特定商業專用區,,,1100127,土地1建物1車位0,十二層，電梯樓梯間,十五層,住宅大樓(11層含以上有電梯),住家用,鋼筋混凝土造,0841115,97.84,2,2,1,有,有,5800000,59280,,0.0,0,,RPROMLRLJHGGFDE97DA,73.58,1.15,8.39,有,
三民區,房地(土地+建物),鼎華路211~240號,7.69,都市：其他:第三種商業區,,,1100108,土地1建物1車位0,十八層,二十五層,住宅大樓(11層含以上有電梯),住家用,鋼筋混凝土造,0951207,87.83,2,1,1,有,有,4700000,53512,,0.0,0,陽台外推;,RPOOMLTJKHGGFDE77DA,48.3,3.05,7.89,有,
左營區,房地(土地+建物)+車位,保靖街31~60號,9.38,都市：其他:第四種商業區,,,1100101,土地1建物1車位1,十四層,十五層,住宅大樓(11層含以上有電梯),住家用,鋼筋混凝土造,1031104,122.59,2,2,2,有,有,9550000,77902,坡道機械,10.01,0,,RPQOMLOJJHGGFEE47DA,60.74,2.98,9.26,有,
左營區,房地(土地+建物)+車位,重義路1~30號,8.3,都市：其他:第五種商業區,,,1100109,土地1建物1車位1,二層,十五層,住宅大樓(11層含以上有電梯),住家用,鋼筋混凝土造,0951023,111.84,3,2,2,有,有,7000000,62589,坡道機械,5.29,0,,RPUNMLLKJHGGFEE57DA,72.79,3.15,3.32,有,
三民區,房地(土地+建物)+車位,民族一路543巷1~30號,18.05,都市：其他:第四種住宅區,,,1100108,土地1建物1車位1,十三層,十四層,住宅大樓(11層含以上有電梯),住家用,鋼筋混凝土造,0860124,161.95,4,2,2,有,有,7860000,48533,坡道平面,0.0,0,,RPTQMLSJKHGGFDE38DA,87.34,1.39,15.06,有,
楠梓區,房地(土地+建物)+車位,裕昌街151~180號,9.24,都市：其他:第四種商業區,,,1091220,土地1建物1車位1,十二層,十五層,住宅大樓(11層含以上有電梯),住家用,見其它登記事項,1030423,97.39,2,2,1,有,有,5100000,52367,坡道機械,6.72,0,,RPRRMLMLJHGGFEE87DA,56.87,0.0,3.72,有,93.0
左營區,房地(土地+建物)+車位,緯六路181~210號,33.94,都市：其他:第四種住宅區,,,1091230,土地1建物1車位1,十層,十四層,住宅大樓(11層含以上有電梯),住家用,鋼筋混凝土造,0991126,173.08999999999997,3,2,2,有,有,7300000,42175,坡道平面,0.0,0,,RPOOMLPLJHGGFEE57DA,94.86,0.0,8.49,有,
左營區,房地(土地+建物),富國路271~300號,0.98,都市：其他:第四種商業區,,,1100126,土地1建物1車位0,十二層,二十一層,住宅大樓(11層含以上有電梯),住家用,鋼筋混凝土造,0841019,15.33,1,1,1,有,有,600000,39139,,0.0,0,親友、員工、共有人或其他特殊關係間之交易;,RPPPMLTJKHGGFEE08DA,8.63,0.0,1.86,有,94.0
左營區,房地(土地+建物),明華一路211~240號,8.27,都市：其他:第四種商業區,,,1100116,土地1建物1車位0,六層,十六層,住宅大樓(11層含以上有電梯),住家用,鋼筋混凝土造,0830530,85.06,2,1,1,有,有,5000000,58782,,0.0,0,,RPPQMLTJKHGGFEE18DA,51.05,0.0,11.62,有,95.0
左營區,房地(土地+建物)+車位,民族一路1141~1170號,9.6,都市：其他:第五種住宅區,,,1100101,土地1建物1車位1,九層,十四層,住宅大樓(11層含以上有電梯),住家用,鋼筋混凝土造,0870706,107.05,3,2,1,有,有,5100000,47641,坡道平面,17.53,0,,RPRPMLSKKHGGFEE28DA,56.31,1.35,6.81,有,
鳳山區,房地(土地+建物)+車位,五甲二路241~270號,18.44,都市：其他:第三之一種住宅區,,,1100120,土地1建物1車位1,六層,十六層,住宅大樓(11層含以上有電梯),住家用,鋼筋混凝土造,0830723,162.7,4,2,2,有,有,7450000,45790,坡道機械,0.0,0,,RPPQMLMLJHGGFGE77DA,104.1,18.7,0.0,有,101.0
鳳山區,房地(土地+建物),建國路三段511~540號,9.91,都市：其他:第三之一種住宅區,,,1100110,土地1建物1車位0,二層,十四層,住宅大樓(11層含以上有電梯),住家用,鋼筋混凝土造,0891202,119.30000000000001,3,2,2,有,有,6800000,56999,,0.0,0,,RPROMLRKKHGGFGE38EA,76.26,11.17,0.0,有,119.0
三民區,房地(土地+建物),民族一路691~720號,9.97,都市：其他:第五種住宅區,,,1100121,土地1建物1車位0,四層，電梯樓梯間,二十三層,住宅大樓(11層含以上有電梯),住家用,鋼筋混凝土造,0840906,117.59,3,2,2,有,有,5500000,46773,,0.0,0,,RPVNMLSKKHGGFDE48EA,94.69,9.34,0.0,有,
楠梓區,房地(土地+建物)+車位,土庫二路181~210號,19.06,都市：其他:第三種住宅區。,,,1100106,土地2建物1車位1,四層,二十層,住宅大樓(11層含以上有電梯),住家用,見其它登記事項,1030626,183.62,3,2,2,有,有,8100000,44113,坡道平面,20.15,0,,RPUNMLSKKHGGFEE38DA,86.69,19.5,0.0,有,
左營區,房地(土地+建物)+車位,介壽路221巷31~60號,22.04,都市：其他:第三種住宅區。,,,1100113,土地1建物1車位1,三層,十三層,住宅大樓(11層含以上有電梯),住家用,鋼筋混凝土造,1000916,123.08,3,2,2,有,有,6880000,55899,坡道機械,9.17,0,,RPSPMLSKKHGGFEE38DA,68.78,12.24,0.0,有,154.0
楠梓區,房地(土地+建物)+車位,土庫三路251巷1~30號,20.9,都市：其他:第三種住宅區。,,,1091225,土地2建物1車位1,七層,十七層,住宅大樓(11層含以上有電梯),住家用,鋼筋混凝土造,1010817,189.10000000000002,4,2,2,有,有,8580000,45373,坡道平面,29.02,0,,RPRQMLSKKHGGFEE38DA,86.69,17.37,0.0,有,156.0
左營區,房地(土地+建物)+車位,大中二路751~780號,15.59,都市：其他:第五種住宅區,,,1100124,土地1建物1車位1,四層,十五層,住宅大樓(11層含以上有電梯),住家用,鋼筋混凝土造,1000628,140.66,3,2,2,有,有,7000000,49765,坡道平面,12.98,0,,RPTOMLRKKHGGFEE28DA,73.19,15.1,0.0,有,
左營區,房地(土地+建物),果峰街3巷1~30號,19.34,都市：其他:特定住宅區,,,1091224,土地1建物1車位0,十七層,十八層,住宅大樓(11層含以上有電梯),住家用,鋼筋混凝土造,0741129,106.44,2,2,2,有,有,3600000,33822,,0.0,0,,RPUOMLPJKHGGFEE08DA,78.54,11.65,0.0,有,159.0
左營區,房地(土地+建物)+車位,明倫路61~90號,23.95,都市：其他:第四種住宅區,,,1100104,土地1建物1車位1,十層,十四層,住宅大樓(11層含以上有電梯),住家用,鋼筋混凝土造,0971105,208.65,4,2,2,有,有,15700000,75246,坡道平面,13.4,0,陽台外推;,RPQOMLNJKHGGFEE47DA,115.68,19.06,0.0,有,
左營區,房地(土地+建物)+車位,榮德街151~180號,15.8,都市：其他:第五種住宅區,,,1100105,土地1建物1車位1,十層,十五層,住宅大樓(11層含以上有電梯),住家用,鋼筋混凝土造,0950830,140.78,3,2,2,有,有,7900000,56116,坡道平面,18.09,0,,RPVSMLPJJHGGFEE48DA,72.1,12.31,0.0,有,
三民區,房地(土地+建物),鼎中路560巷91~120號,17.51,都市：其他:第三種住宅區。,,,1100110,土地1建物1車位0,八層，電梯樓梯間,十三層,住宅大樓(11層含以上有電梯),住家用,鋼筋混凝土造,0830208,110.96,3,2,2,有,有,4300000,38753,,0.0,0,陽台外推;,RPWQMLRKKHGGFDE68DA,84.29,8.9,0.0,有,163.0
左營區,房地(土地+建物),新庄仔路73巷1~30號,15.95,都市：其他:第三種住宅區。,,,1091127,土地2建物1車位0,十一層,十六層,住宅大樓(11層含以上有電梯),住家用,鋼筋混凝土造,0820703,105.58,3,2,2,有,有,4500000,42622,,0.0,0,陽台外推;,RPRPMLRLJIPFFEE09DA,62.61,23.33,0.0,有,164.0
三民區,房地(土地+建物)+車位,天祥一路1~30號,18.71,都市：其他:第四種住宅區,,,1100109,土地1建物1車位1,七層,十五層,住宅大樓(11層含以上有電梯),住家用,鋼筋混凝土造,1030312,139.64000000000001,3,2,2,有,有,8800000,63019,坡道平面,23.22,0,,RPQRMLPLJHGGFDE97DA,67.02,9.24,0.0,有,165.0
前鎮區,房地(土地+建物)+車位,瑞泰街140巷1~30號,19.18,都市：其他:第三種商業區,,,1091111,土地1建物1車位1,十二層,二十層,住宅大樓(11層含以上有電梯),住家用,鋼筋混凝土造,0880903,205.15,4,2,2,有,有,11200000,54594,坡道平面,36.13,0,,RPWNMLTJKHGGFCE38DA,113.82,12.79,0.0,有,
前鎮區,房地(土地+建物)+車位,民權二路511~540號,19.13,都市：其他:第五種住宅區,,,1091229,土地1建物1車位2,十七層,二十九層,住宅大樓(11層含以上有電梯),住家用,鋼筋混凝土造,0970307,400.28,3,3,2,有,有,31000000,77446,坡道平面,29.54,0,,RPQNMLRKKHGGFCE67DA,226.34,36.05,0.0,有,
苓雅區,房地(土地+建物)+車位,仁德街1~30號,16.78,都市：其他:第四種商業區,,,1091225,土地1建物1車位1,五層,十四層,住宅大樓(11層含以上有電梯),住家用,鋼筋混凝土造,0921128,178.0,4,2,2,有,有,12200000,63753,坡道平面,14.87,1800000,陽台外推;,RPPNMLKKJHGGFBE66DA,108.57,11.67,0.0,有,
苓雅區,房地(土地+建物),新光路62巷1~30號,4.02,都市：其他:第三種特定商業專用區,,,1100111,土地1建物1車位0,十七層,三十五層,住宅大樓(11層含以上有電梯),住家用,鋼筋混凝土造,0860421,94.72,2,1,1,有,有,3500000,36951,,0.0,0,,RPTNMLLLJHGGFBE27DA,59.7,13.71,0.0,有,
前金區,房地(土地+建物)+車位,民生二路181~210號,15.11,都市：其他:第五種商業區,,,1091229,土地1建物1車位2,六層,三十四層,住宅大樓(11層含以上有電梯),住家用,見其它登記事項,0990602,395.62,4,2,4,有,有,30000000,71005,坡道機械,18.18,3200000,,RPSNMLTJKHGGFAE77DA,251.83,8.94,0.0,有,
鼓山區,房地(土地+建物)+車位,昌盛路61~90號,8.18,都市：其他:第四種商業區,,,1100110,土地1建物1車位1,十五層,十五層,住宅大樓(11層含以上有電梯),住家用,鋼筋混凝土造,0940921,94.84,3,2,1,有,有,7000000,73809,坡道機械,7.73,0,,RPQQMLNKJHGGFAE27DA,56.44,4.41,0.0,有,173.0
板橋區,房地(土地+建物),南雅東路1~30號,10.58,都市：其他:住宅區,,,1091227,土地1建物1車位0,十層,十五層,住宅大樓(11層含以上有電梯),住家用,鋼筋混凝土造,0960814,112.97999999999999,3,2,2,有,有,16300000,144273,,0.0,0,陽台外推;,RPQSMLRLJHGGFAF08DA,69.08,4.8,7.53,有,
土城區,房地(土地+建物),清水路331~360號,4.92,都市：其他:第二種住宅區,,,1100103,土地1建物1車位0,五層,十四層,住宅大樓(11層含以上有電梯),住家用,鋼筋混凝土造,0851220,67.73,2,2,1,有,有,7080000,104533,,0.0,0,,RPPQMLLJKHGGFAF07DA,55.21,0.0,6.08,有,2.0
板橋區,房地(土地+建物)+車位,區運路91~120號,19.4,都市：其他:第二種特定專用區,,,1091130,土地1建物1車位2,六層,二十八層,住宅大樓(11層含以上有電梯),住家用,鋼骨鋼筋混凝土造,0980115,323.03,3,2,2,有,有,48000000,148593,坡道平面,52.08,0,,RPPSMLLJKHGGFAF27DA,166.01,5.87,20.63,有,3.0
板橋區,房地(土地+建物)+車位,廣和街61~90號,14.49,都市：其他:住宅區,,,1100110,土地1建物1車位1,十二層,十三層,住宅大樓(11層含以上有電梯),住家用,鋼筋混凝土造,0971120,139.38,2,2,1,有,有,16200000,121345,坡道平面,20.71,1800000,陽台外推;夾層;其他增建;,RPWQMLMJKHGGFAF87DA,59.68,7.78,8.71,有,5.0
板橋區,房地(土地+建物)+車位,長江路二段61~90號,8.92,都市：其他:住宅區,,,1091218,土地1建物1車位1,十二層,二十六層,住宅大樓(11層含以上有電梯),住家用,鋼筋混凝土造,0870622,163.02,3,2,2,有,有,16000000,98147,坡道機械,16.23,0,,RPQOMLPJKHGGFAF37DA,99.34,1.15,17.4,有,
板橋區,房地(土地+建物),民生路三段61~90號,5.17,都市：其他:住宅區,,,1100106,土地1建物1車位0,六層,三十一層,住宅大樓(11層含以上有電梯),住家用,鋼骨鋼筋混凝土造,0891009,86.55999999999999,2,2,1,有,有,15700000,181377,,0.0,0,,RPOQMLPJKHGGFAF37DA,59.79,0.0,9.53,有,
林口區,房地(土地+建物)+車位,文化三路一段361~390號,17.28,都市：其他:中心商業區,,,1091231,土地2建物1車位1,十七層,十九層,住宅大樓(11層含以上有電梯),住家用,鋼筋混凝土造,0950825,163.17000000000002,3,2,2,有,有,15200000,93154,坡道平面,34.38,0,,RPSNMLMKJHGGFBF27DA,84.57,0.0,8.88,有,
泰山區,房地(土地+建物),仁義路121~150號,11.88,都市：其他:商業區,,,1091210,土地1建物1車位0,四層,十三層,住宅大樓(11層含以上有電梯),住家用,鋼筋混凝土造,0950605,112.22,3,2,2,有,有,10880000,96952,,0.0,0,,RPTSMLOJKHGGFBF08DA,71.35,1.3,10.27,有,
新店區,房地(土地+建物)+車位,安祥路110巷30弄1~30號,69.11,,山坡地保育區,丙種建築用地,1100102,土地1建物1車位1,七層,十六層,住宅大樓(11層含以上有電梯),住家用,鋼筋混凝土造,0841115,155.54,3,2,2,有,有,6580000,42304,坡道平面,0.0,0,其他增建;,RPPOMLTKJHGGFCF87DA,91.46,0.0,12.37,有,
新店區,房地(土地+建物)+車位,寶橋路78巷91~120號,13.86,都市：其他:住宅區,,,1100101,土地1建物1車位1,十四層,二十六層,住宅大樓(11層含以上有電梯),住家用,鋼筋混凝土造,1020829,162.04000000000002,3,2,2,有,有,25800000,159220,坡道平面,24.42,0,其他增建;,RPRQMLQLJHGGFCF08DA,85.94,4.78,5.07,有,16.0
新店區,房地(土地+建物)+車位,中正路700巷1~30號,32.75,都市：其他:第四種住宅區,,,1100117,土地1建物1車位1,十三層,十六層,住宅大樓(11層含以上有電梯),住家用,鋼筋混凝土造,0890225,191.68,2,2,2,有,有,18150000,94689,坡道平面,0.0,0,,RPPPMLOJKHGGFCF47DA,101.2,2.16,13.93,有,
新店區,房地(土地+建物)+車位,二十張路31~60號,20.82,都市：其他:第四種住宅區,,,1100115,土地1建物1車位1,七層,十三層,住宅大樓(11層含以上有電梯),住家用,鋼筋混凝土造,0821224,154.77,3,2,2,有,有,22000000,142146,坡道平面,0.0,0,,RPRNMLPJKHGGFCF57DA,94.02,2.39,12.34,有,
汐止區,房地(土地+建物),大同路三段601~630號,7.56,都市：其他:第二種住宅區,,,1100124,土地1建物1車位0,二十八層,三十二層,住宅大樓(11層含以上有電梯),住家用,鋼筋混凝土造,0880203,78.61,2,1,1,有,有,4270000,54319,,0.0,0,,RPROMLRLJHGGFDF08DA,55.49,0.0,4.15,有,18.0
汐止區,房地(土地+建物)+車位,工建路61~90號,18.25,都市：其他:第二種住宅區,,,1091231,土地1建物1車位1,二層,十四層,住宅大樓(11層含以上有電梯),住家用,鋼筋混凝土造,0981120,140.99,3,2,2,有,有,16200000,123330,坡道平面,24.23,1800000,,RPRNMLSJKHGGFDF97DA,65.76,1.46,11.82,有,
淡水區,房地(土地+建物)+車位,沙崙路一段126巷61~90號,20.68,都市：其他:第五之一種住宅區,,,1091115,土地1建物1車位2,十二層,十七層,住宅大樓(11層含以上有電梯),住家用,鋼筋混凝土造,1050816,184.38,2,2,2,有,有,10000000,66463,坡道平面,73.04,2600000,,RPOQMLPLJIPFFEF78DA,64.0,3.81,8.84,有,
淡水區,房地(土地+建物)+車位,沙崙路一段126巷61~90號,18.17,都市：其他:第五之一種住宅區,,,1091204,土地1建物1車位1,九層,十四層,住宅大樓(11層含以上有電梯),住家用,鋼筋混凝土造,1050816,143.70999999999998,2,1,1,有,有,8200000,66704,坡道平面,36.52,1050000,,RPUNMLOKKIPFFEF98DA,58.38,5.46,9.76,有,
淡水區,房地(土地+建物)+車位,民權路211~240號,17.87,都市：其他:住宅區(四),,,1100106,土地1建物1車位1,七層,十四層,住宅大樓(11層含以上有電梯),住家用,鋼骨鋼筋混凝土造,0961005,182.25,4,2,2,有,有,22500000,125450,坡道平面,26.8,3000000,,RPWOMLSJKHGGFEF68DA,92.46,2.72,13.81,有,
淡水區,房地(土地+建物),民權路211~240號,9.16,都市：其他:住宅區(四),,,1100125,土地1建物1車位0,五層,二十九層,住宅大樓(11層含以上有電梯),住家用,鋼骨鋼筋混凝土造,0961005,92.42,2,2,1,有,有,11800000,127678,,0.0,0,陽台外推;,RPOPMLSJKHGGFEF97DA,53.0,0.0,7.75,有,
八里區,房地(土地+建物),中華路二段391~420號,11.16,都市：其他:第三種住宅區。,,,1100104,土地1建物1車位0,十三層,十五層,住宅大樓(11層含以上有電梯),住家用,鋼筋混凝土造,0841013,107.53,3,2,2,有,有,5300000,49289,,0.0,0,,RPUQMLSJKHGGFEF68DA,68.6,0.86,9.52,有,23.0
中和區,房地(土地+建物)+車位,中正路271~300號,9.17,都市：其他:住宅區,,,1091220,土地2建物1車位1,八層,二十六層,住宅大樓(11層含以上有電梯),住家用,鋼筋混凝土造,0831115,144.17000000000002,4,2,1,有,有,14000000,97108,坡道機械,0.0,0,陽台外推;其他增建;,RPSQMLLMKIPFFHF66DA,98.16,0.0,11.17,有,29.0
中和區,房地(土地+建物),景平路181~210號,3.09,都市：其他:道路用地,,,1100113,土地3建物1車位0,二十八層,四十一層,住宅大樓(11層含以上有電梯),住家用,鋼骨鋼筋混凝土造,0861104,52.92,0,0,0,無,有,6600000,124717,,0.0,0,陽台外推;,RPRPMLPJKHGGFHF28DA,35.93,0.0,5.04,有,
三峽區,房地(土地+建物),學成路241~270號,7.01,都市：其他:住宅區,,,1100102,土地1建物1車位0,十五層,十九層,住宅大樓(11層含以上有電梯),住家用,鋼筋混凝土造,0951117,51.19,1,1,1,有,有,5750000,112327,,0.0,0,,RPQOMLPJKHGGFIF18DA,28.33,0.0,5.27,有,
土城區,房地(土地+建物),金城路三段241~270號,3.06,都市：其他:第一種住宅區,,,1100115,土地1建物1車位0,八層,十九層,住宅大樓(11層含以上有電梯),住家用,鋼筋混凝土造,0840905,35.85,1,1,1,有,有,4200000,117155,,0.0,0,,RPXNMLTLJHGGFAF58EA,27.63,0.86,0.0,有,36.0
板橋區,房地(土地+建物),中正路375巷1~30號,18.91,都市：其他:住宅區,,,1091227,土地1建物1車位0,五層,十三層,住宅大樓(11層含以上有電梯),住家用,鋼筋混凝土造,0800412,120.24,3,2,2,有,有,15320000,127412,,0.0,0,,RPSPMLSJKHGGFAF08EA,94.9,0.0,10.67,有,
泰山區,房地(土地+建物)+車位,泰林路二段451~480號,29.57,都市：其他:住宅區,,,1100104,土地1建物1車位1,十三層,十三層,住宅大樓(11層含以上有電梯),住家用,鋼筋混凝土造,0951215,159.79,2,2,2,有,有,11500000,75085,坡道平面,27.94,1600000,陽台外推;其他增建;,RPWOMLPJKHGGFBF18EA,88.01,2.3,7.76,有,
淡水區,房地(土地+建物)+車位,水源街二段177巷61~90號,33.24,都市：其他:住宅區,,,1091213,土地1建物1車位2,六層,十三層,住宅大樓(11層含以上有電梯),住家用,鋼筋混凝土造,0851202,187.97,6,0,6,有,有,6400000,34048,坡道平面,0.0,0,,RPSNMLSJKHGGFEF28EA,89.02,1.37,10.71,有,
淡水區,房地(土地+建物)+車位,中正東路一段61~90號,13.03,都市：其他:住宅區(四),,,1100101,土地2建物1車位1,五層,十四層,住宅大樓(11層含以上有電梯),住家用,鋼筋混凝土造,1011121,104.99,2,1,1,有,有,6900000,65721,坡道平面,36.08,0,,RPPOMLSJKHGGFEF08EA,40.25,0.0,5.26,有,44.0
淡水區,房地(土地+建物),鄧公路1~30號,17.32,都市：其他:住宅區,,,1091214,土地1建物1車位0,十七層,十七層,住宅大樓(11層含以上有電梯),住家用,鋼筋混凝土造,0860604,89.63,2,2,1,有,有,5900000,65826,,0.0,0,陽台外推;,RPPPMLSJKHGGFEF18EA,63.21,4.18,7.99,有,
淡水區,房地(土地+建物)+車位,沙崙路一段126巷91~120號,26.73,都市：其他:第五之一種住宅區,,,1091222,土地1建物1車位1,十二層,二十三層,住宅大樓(11層含以上有電梯),住家用,鋼筋混凝土造,1050816,190.45,3,2,2,有,有,12500000,72760,坡道平面,36.52,1300000,,RPQPMLSJKHGGFEF28EA,88.33,4.92,12.48,有,45.0
淡水區,房地(土地+建物)+車位,中山北路二段189巷121~150號,25.97,都市：其他:第三種住宅區。,,,1100127,土地1建物1車位2,十四層,十四層,住宅大樓(11層含以上有電梯),住家用,鋼筋混凝土造,0990615,153.4,3,2,2,有,有,13680000,91029,坡道機械,17.4,1300000,原為二個坡道機械車位拆除機械設備變更為一個坡道車道平面車位使用其他增建;,RPOQMLTJKHGGFEF28EA,80.11,5.19,10.57,有,
中和區,房地(土地+建物),中正路751~780號,3.08,都市：其他:住宅區,,,1091230,土地1建物1車位0,二十層,二十三層,住宅大樓(11層含以上有電梯),住家用,鋼筋混凝土造,0850919,43.87,1,1,1,有,有,5300000,120811,,0.0,0,其他增建;,RPXNMLSJKHGGFHF09EA,27.29,0.0,4.11,有,51.0
中和區,房地(土地+建物),橋和路160巷1~30號,5.28,都市：其他:住宅區,,,1100116,土地1建物1車位0,五層,十四層,住宅大樓(11層含以上有電梯),住家用,鋼筋混凝土造,0871230,41.15,1,1,1,有,有,5500000,133690,,0.0,0,其他增建;,RPOOMLSJKHGGFHF28EA,26.67,0.0,3.9,有,52.0
樹林區,房地(土地+建物)+車位,佳園路三段481~510號,22.71,都市：其他:住宅區,,,1091205,土地1建物1車位1,十三層,十五層,住宅大樓(11層含以上有電梯),住家用,鋼筋混凝土造,0950425,169.37,4,2,2,有,有,15000000,96753,坡道平面,29.84,1500000,其他增建;,RPTOMLSJKHGGFIF88EA,97.88,1.92,4.72,有,61.0
三重區,房地(土地+建物)+車位,中正北路165巷61~90號,20.84,都市：其他:住宅區,,,1100102,土地1建物1車位1,三層,十五層,住宅大樓(11層含以上有電梯),住家用,鋼筋混凝土造,0970201,158.82999999999998,3,2,2,有,有,19000000,119625,坡道平面,26.55,0,,RPPNMLTJKHGGFGF28EA,87.36,0.0,9.72,有,
淡水區,房地(土地+建物)+車位,新市三路二段241~270號,9.93,都市：其他:第三之一種中心商業區,,,1100104,土地1建物1車位1,十二層,二十九層,住宅大樓(11層含以上有電梯),住家用,鋼筋混凝土造,1070525,152.47,3,2,2,有,有,10400000,74584,坡道平面,30.46,1300000,,RPPNMLRKKHGGFEF97EA,65.97,9.22,5.95,有,
淡水區,房地(土地+建物)+車位,淡金路一段571~600號,27.47,都市：其他:第五種住宅區,,,1100110,土地1建物1車位1,八層,十五層,住宅大樓(11層含以上有電梯),住家用,鋼筋混凝土造,1041001,188.0,3,2,2,有,有,12250000,72898,坡道平面,37.79,1300000,,RPXQMLRKKHGGFEF09EA,87.84,6.84,9.98,有,69.0
淡水區,房地(土地+建物)+車位,淡金路二段91~120號,26.23,都市：其他:第五種住宅區,,,1091231,土地1建物1車位2,十六層,十九層,住宅大樓(11層含以上有電梯),住家用,鋼筋混凝土造,0970917,177.55,2,2,2,有,有,13000000,75126,坡道機械,20.48,1200000,兩個車位價格共新台幣120萬元整，無法拆分。其他增建;,RPSNMLSKKHGGFEF38EA,92.73,9.58,6.13,有,
淡水區,房地(土地+建物)+車位,沙崙路151巷26弄1~30號,49.6,都市：其他:住宅區,,,1100112,土地1建物1車位2,十層,十五層,住宅大樓(11層含以上有電梯),住家用,鋼筋混凝土造,1040113,279.66999999999996,4,2,2,有,有,18180000,65005,坡道平面,57.98,0,,RPUNMLTJKHGGFEF58EA,137.53,0.0,18.7,有,70.0
淡水區,房地(土地+建物),濱海路一段421~450號,22.47,都市：其他:第五種住宅區,,,1100108,土地1建物1車位0,二層,十四層,住宅大樓(11層含以上有電梯),住家用,鋼筋混凝土造,1061201,143.32,3,2,2,有,有,9600000,66983,,0.0,0,,RPROMLTJKHGGFEF38EA,80.73,2.25,13.46,有,
新店區,房地(土地+建物)+車位,溪園路421~450號,11.68,都市：其他:第四種住宅區,,,1091228,土地1建物1車位1,十三層,十四層,住宅大樓(11層含以上有電梯),住家用,鋼筋混凝土造,0911121,129.1,3,2,2,有,有,18000000,147101,坡道平面,23.73,2500000,陽台外推;,RPQOMLSJKHGGFCF97EA,60.37,0.0,24.73,有,71.0
泰山區,房地(土地+建物)+車位,民權街91~120號,10.29,都市：其他:市場用地,,,1100109,土地1建物1車位1,十四層,十四層,住宅大樓(11層含以上有電梯),住家用,鋼筋混凝土造,0950602,142.61,3,2,2,有,有,11100000,82058,坡道平面,25.62,1500000,其他增建;,RPXWMLTJKHGGFBF86EA,78.07,1.96,5.81,有,
新莊區,房地(土地+建物)+車位,立信三街61~90號,10.01,都市：其他:住宅區,,,1091231,土地1建物1車位1,五層,十三層,住宅大樓(11層含以上有電梯),住家用,鋼筋混凝土造,0940331,104.12,2,2,1,有,有,12000000,115252,坡道平面,0.0,0,,RPONNLTJKHGGFBF77EA,45.9,2.92,7.15,有,77.0
板橋區,房地(土地+建物),南雅東路1~30號,3.25,都市：其他:住宅區,,,1100119,土地1建物1車位0,六層,十五層,住宅大樓(11層含以上有電梯),住家用,鋼筋混凝土造,0960814,34.18,1,1,1,有,有,5250000,153599,,0.0,0,陽台外推;,RPRQMLTJKHGGFAF18EA,15.31,0.0,8.75,有,79.0
樹林區,房地(土地+建物)+車位,學勤路241~270號,20.42,都市：其他:商業區,,,1100131,土地1建物1車位1,十二層,十九層,住宅大樓(11層含以上有電梯),住家用,鋼筋混凝土造,0951101,222.67,4,2,2,有,有,19300000,86675,坡道平面,38.04,0,陽台外推;,RPRPMLSJKHGGFIF68DA,111.71,0.0,15.64,有,80.0
板橋區,房地(土地+建物),中山路一段151~180號,6.67,都市：其他:第一種特定專用區(都市更新地區),,,1090110,土地1建物1車位0,五層,十三層,住宅大樓(11層含以上有電梯),住家用,鋼筋混凝土造,0980427,44.44,1,1,1,有,有,8800000,198020,,0.0,0,,RPPQMLSJKHGGFAF87EA,26.52,1.46,0.0,有,81.0
中和區,房地(土地+建物),中興街202巷1~30號,20.85,都市：其他:住宅區,,,1100108,土地1建物1車位0,八層,十四層,住宅大樓(11層含以上有電梯),住家用,鋼筋混凝土造,0841117,115.36,3,2,2,有,有,15000000,130028,,0.0,0,,RPRQMLRKKHGGFHF68DA,81.26,1.32,8.17,有,
三重區,房地(土地+建物),中正南路8巷1~30號,5.98,都市：其他:道路用地,,,1091228,土地4建物1車位0,三層,十三層,住宅大樓(11層含以上有電梯),住家用,鋼筋混凝土造,1020122,53.71,2,1,1,有,有,9450000,175945,,0.0,0,,RPSOMLSJKHGGFGF48DA,28.57,1.44,3.24,有,87.0
淡水區,房地(土地+建物),沙崙路一段1~30號,16.17,都市：其他:第三種住宅區。,,,1091221,土地1建物1車位0,十一層,二十三層,住宅大樓(11層含以上有電梯),住家用,鋼筋混凝土造,1080306,85.82,2,1,1,有,有,6380000,74342,,0.0,0,預售屋、或土地及建物分次登記案件;,RPSRMLPLJHGGFEF38DA,49.91,4.83,5.36,有,
淡水區,房地(土地+建物),沙崙路一段1~30號,24.3,都市：其他:第三種住宅區。,,,1091220,土地1建物1車位0,九層,二十三層,住宅大樓(11層含以上有電梯),住家用,鋼筋混凝土造,1080306,123.81,3,1,2,有,有,9060000,73177,,0.0,0,預售屋、或土地及建物分次登記案件;,RPVOMLTLJHGGFEF78DA,74.92,4.83,5.36,有,
汐止區,房地(土地+建物)+車位,國興街30巷1~30號,40.99,,鄉村區,乙種建築用地,1091213,土地3建物1車位1,三層,十六層,住宅大樓(11層含以上有電梯),住家用,鋼筋混凝土造,0861210,198.93,3,2,2,有,有,18180000,91389,坡道平面,0.0,0,陽台外推;其他增建;,RPPNMLSJKHGGFDF77DA,118.33,0.0,13.06,有,
汐止區,房地(土地+建物),福德一路61~90號,5.31,都市：其他:第二種住宅區,,,1100107,土地2建物1車位0,十二層,十六層,住宅大樓(11層含以上有電梯),住家用,鋼筋混凝土造,0860305,35.58,1,1,1,有,有,3600000,101180,,0.0,0,其他:陽台加裝窗其他增建;,RPWOMLPJKHGGFDF28DA,22.91,0.0,3.72,有,
汐止區,房地(土地+建物)+車位,中興路151~180號,19.13,都市：其他:第二種住宅區,,,1100105,土地1建物1車位1,十層,十五層,住宅大樓(11層含以上有電梯),住家用,鋼筋混凝土造,1050420,151.09,3,2,2,有,有,16500000,115444,坡道平面,27.22,2200000,,RPSOMLSJKHGGFDF18DA,67.72,6.61,9.26,有,95.0
汐止區,房地(土地+建物),新臺五路二段241~270號,7.07,都市：其他:保護區,,,1091226,土地2建物1車位0,五層,十九層,住宅大樓(11層含以上有電梯),住家用,鋼筋混凝土造,0840320,54.790000000000006,1,1,1,有,有,3000000,54755,,0.0,0,,RPTOMLSJKHGGFDF28DA,39.47,0.0,6.91,有,
新店區,房地(土地+建物)+車位,安民街156巷1~30號,23.03,都市：其他:第三種住宅區。,,,1100108,土地1建物1車位1,十層,十五層,住宅大樓(11層含以上有電梯),住家用,鋼筋混凝土造,1010223,176.25,4,2,2,有,有,19300000,116081,坡道平面,29.8,2300000,,RPTNMLTJKHGGFCF18DA,96.02,8.42,7.76,有,
五股區,房地(土地+建物)+車位,成泰路一段189巷1~30號,35.51,都市：其他:住宅區,,,1100109,土地1建物1車位1,十三層,二十一層,住宅大樓(11層含以上有電梯),住家用,鋼筋混凝土造,0830402,244.48,4,2,3,有,有,14350000,58696,坡道平面,37.86,0,,RPQVMLTJKHGGFBF58DA,160.99,0.6,21.3,有,
新莊區,房地(土地+建物)+車位,立信五街1~30號,17.18,都市：其他:住宅區,,,1100110,土地1建物1車位1,八層,十三層,住宅大樓(11層含以上有電梯),住家用,鋼筋混凝土造,0951229,140.18,3,2,2,有,有,17700000,126266,坡道平面,23.18,0,,RPXUMLSJKHGGFBF09DA,74.91,1.23,8.62,有,104.0
林口區,房地(土地+建物)+車位,文化三路一段331~360號,16.98,都市：其他:中心商業區,,,1091229,土地2建物1車位1,十二層,十九層,住宅大樓(11層含以上有電梯),住家用,鋼筋混凝土造,0960817,175.3,3,2,2,有,有,14980000,85454,坡道平面,34.76,0,,RPRQMLSJKHGGFBF08DA,87.69,0.0,11.67,有,
土城區,房地(土地+建物),福安街61~90號,15.65,都市：其他:道路用地,,,1100112,土地2建物1車位0,三層,十三層,住宅大樓(11層含以上有電梯),住家用,鋼筋混凝土造,0921126,107.62,3,2,2,有,有,9800000,91061,,0.0,0,陽台外推;,RPVOMLTLJHGGFAF38DA,66.17,1.11,11.13,有,108.0
板橋區,房地(土地+建物),廣和街61~90號,7.78,都市：其他:住宅區,,,1100114,土地1建物1車位0,八層,十三層,住宅大樓(11層含以上有電梯),住家用,鋼筋混凝土造,0971120,71.84,2,1,1,有,有,9460000,131682,,0.0,0,,RPWOMLSJKHGGFAF28DA,34.56,4.64,7.54,有,110.0
板橋區,房地(土地+建物)+車位,中山路一段181~210號,21.13,都市：其他:第二種特定專用區,,,1091102,土地1建物1車位2,十五層,二十九層,住宅大樓(11層含以上有電梯),住家用,鋼筋混凝土造,1011026,345.71000000000004,3,2,3,有,有,55500000,160544,坡道平面,72.06,0,,RPTOMLSJKHGGFAF97DA,166.1,5.64,19.61,有,
板橋區,房地(土地+建物)+車位,公園街31~60號,21.17,都市：其他:道路用地,,,1091115,土地3建物1車位1,十一層,十七層,住宅大樓(11層含以上有電梯),住家用,鋼筋混凝土造,0970319,198.78,3,2,2,有,有,27000000,135829,坡道平面,38.1,0,親友、員工、共有人或其他特殊關係間之交易;,RPOQMLRKKHGGFAF67DA,103.19,0.0,14.97,有,
板橋區,房地(土地+建物)+車位,文化路一段361~390號,6.96,都市：其他:住宅區,,,1091222,土地1建物1車位1,七層,四十三層,住宅大樓(11層含以上有電梯),住家用,見其他登記事項,0990715,152.05,3,2,2,有,有,27000000,177573,坡道平面,28.94,0,陽台外推;,RPVUMLRKKHGGFAF78DA,72.4,0.0,14.19,有,
五股區,房地(土地+建物)+車位,登林路61~90號,15.32,都市：其他:住宅區,,,1100107,土地1建物1車位1,八層,十四層,住宅大樓(11層含以上有電梯),住家用,鋼筋混凝土造,0900611,128.08,4,2,2,有,有,7430000,58011,坡道平面,0.0,0,陽台外推;夾層;,RPQTMLSJJHGGFBF18DA,57.56,0.0,9.42,有,
新莊區,房地(土地+建物),青山路一段31~60號,14.91,都市：其他:住宅區,,,1100112,土地1建物1車位0,十一層,十四層,住宅大樓(11層含以上有電梯),住家用,鋼筋混凝土造,0940906,123.56,3,2,2,有,有,9520000,77048,,0.0,0,,RPVNMLSKKHGGFBF28DA,68.81,0.0,22.23,有,
新店區,房地(土地+建物),中正路700巷31~60號,29.28,都市：其他:第四種住宅區,,,1100106,土地1建物1車位0,一層,十六層,住宅大樓(11層含以上有電梯),住家用,鋼筋混凝土造,0890225,171.95999999999998,3,2,2,有,有,18000000,104676,,0.0,0,其他增建;,RPUPMLRLJHGGFCF38DA,90.52,0.0,14.62,有,
汐止區,房地(土地+建物)+車位,康寧街601~630號,21.17,都市：其他:第二種住宅區,,,1091115,土地2建物1車位1,二層,十八層,住宅大樓(11層含以上有電梯),住家用,鋼筋混凝土造,0851211,145.2,3,2,2,有,有,11350000,78168,坡道平面,39.59,0,,RPVQMLQKJIPFFDF76DA,71.34,2.09,10.23,有,128.0
汐止區,房地(土地+建物),忠孝東路421~450號,6.45,都市：其他:第二種住宅區,,,1100101,土地1建物1車位0,十四層,十八層,住宅大樓(11層含以上有電梯),住家用,鋼筋混凝土造,0851009,47.589999999999996,1,1,1,有,有,5000000,105064,,0.0,0,夾層;,RPTPMLNJKHGGFDF87DA,35.07,1.87,0.0,有,
汐止區,房地(土地+建物),新臺五路二段151~180號,12.34,都市：其他:第二種住宅區,,,1100105,土地1建物1車位0,一層,十四層,住宅大樓(11層含以上有電梯),住家用,鋼筋混凝土造,0891212,107.85000000000001,3,2,1,有,有,9800000,90867,,0.0,0,,RPVNMLRKKHGGFDF38DA,66.01,0.0,10.89,有,
汐止區,房地(土地+建物)+車位,湖前街110巷97弄1~30號,40.86,,山坡地保育區,丙種建築用地,1100110,土地8建物1車位1,十層,二十五層,住宅大樓(11層含以上有電梯),住家用,鋼筋混凝土造,0881202,149.18,2,2,1,有,有,11250000,75412,坡道機械,24.63,0,,RPRNMLLMJHGGFDF47DA,73.12,0.0,9.85,有,132.0
淡水區,房地(土地+建物)+車位,中正路二段31~60號,17.79,都市：其他:商業區,,,1021124,土地2建物1車位1,十層,二十九層,住宅大樓(11層含以上有電梯),住家用,鋼筋混凝土造,1061026,248.55,1,2,1,有,有,26950000,115301,坡道平面,27.39,1450000,,RPPRMLPKRHPFFEF96DA,96.0,3.26,44.74,有,
淡水區,房地(土地+建物)+車位,中正路二段31~60號,10.11,都市：其他:商業區,,,1091208,土地2建物1車位1,八層,二十九層,住宅大樓(11層含以上有電梯),住家用,鋼筋混凝土造,1061026,150.54,1,2,1,有,有,13860000,101989,坡道平面,27.39,1300000,,RPPNMLPKKIPFFEF58DA,61.99,5.85,12.35,有,
淡水區,房地(土地+建物),中正路二段31~60號,6.37,都市：其他:商業區,,,1091228,土地2建物1車位0,十六層,二十層,住宅大樓(11層含以上有電梯),住家用,鋼筋混凝土造,1061026,81.11,1,2,1,有,有,7010000,86426,,0.0,0,,RPTQMLSLKIPFFEF07DA,44.39,3.93,4.5,有,
淡水區,房地(土地+建物)+車位,淡金路38巷31~60號,8.53,都市：其他:住宅區(三),,,1100108,土地1建物1車位1,十八層,二十二層,住宅大樓(11層含以上有電梯),住家用,鋼筋混凝土造,0980218,103.64,1,0,1,有,有,7500000,85714,坡道平面,30.14,1200000,,RPSRMLSJKHGGFEF58DA,46.8,1.2,3.62,有,
樹林區,房地(土地+建物)+車位,學勤路421~450號,15.58,都市：其他:商業區,,,1091231,土地1建物1車位1,三層,二十七層,住宅大樓(11層含以上有電梯),住家用,鋼筋混凝土造,0971030,188.01999999999998,3,2,2,有,有,17800000,94671,坡道平面,39.83,0,其他增建;,RPUOMLTJKHGGFIF98DA,91.3,0.0,12.42,有,146.0
土城區,房地(土地+建物)+車位,中央路四段68巷1~30號,13.77,都市：其他:住宅區,,,1100105,土地1建物1車位1,十層,十三層,住宅大樓(11層含以上有電梯),住家用,鋼筋混凝土造,0820916,130.7,3,2,2,有,有,13100000,100230,坡道平面,0.0,0,陽台外推;,RPQRMLSKKHGGFAF18EA,78.19,0.0,9.84,有,150.0
新莊區,房地(土地+建物)+車位,天祥街91~120號,24.65,都市：其他:住宅區,,,1091224,土地1建物1車位1,十三層,十三層,住宅大樓(11層含以上有電梯),住家用,鋼筋混凝土造,0980612,202.27999999999997,4,2,2,有,有,16500000,83705,坡道平面,23.08,1500000,其他增建;,RPXOMLRKKHGGFBF58EA,110.52,4.46,12.0,有,
汐止區,房地(土地+建物),湖前街110巷97弄1~30號,24.94,,山坡地保育區,丙種建築用地,1100116,土地4建物1車位0,十九層,二十五層,住宅大樓(11層含以上有電梯),住家用,鋼筋混凝土造,0881202,81.23,2,2,1,有,有,8350000,102795,,0.0,0,,RPVOMLSKKHGGFDF68EA,52.13,0.0,9.18,有,154.0
淡水區,房地(土地+建物),中正東路二段61~90號,2.53,都市：其他:道路用地,,,1091214,土地5建物1車位0,十五層,二十六層,住宅大樓(11層含以上有電梯),住家用,鋼骨混凝土造,0920922,52.7,1,1,1,有,有,6000000,113852,,0.0,0,陽台外推;,RPTOMLTJKHGGFEF58EA,30.34,0.0,6.89,有,155.0
八里區,房地(土地+建物),中山路二段500巷1~30號,13.16,都市：其他:第三種住宅區。,,,1091226,土地3建物1車位0,十層,十九層,住宅大樓(11層含以上有電梯),住家用,鋼筋混凝土造,1000414,93.45,2,1,1,有,有,5500000,58855,,0.0,0,,RPPQMLRKKHGGFEF28EA,52.71,3.9,7.67,有,
三重區,房地(土地+建物),成功路91~120號,8.07,都市：其他:道路用地,,,1100108,土地3建物1車位0,四層,二十四層,住宅大樓(11層含以上有電梯),住家用,鋼筋混凝土造,1041105,92.53999999999999,2,1,1,有,有,13800000,149125,,0.0,0,,RPOOMLRKKHGGFGF18EA,45.57,8.72,6.24,有,158.0
淡水區,房地(土地+建物),英專路151~180號,18.2,都市：其他:住宅區,,,1100105,土地1建物1車位0,五層,十三層,住宅大樓(11層含以上有電梯),住家用,鋼筋混凝土造,0930603,131.88,3,2,2,有,有,7500000,56870,,0.0,0,陽台外推;,RPXOMLSKKHGGFEF98EA,84.83,0.0,10.15,有,
永和區,房地(土地+建物),環河西路二段209巷1~30號,6.39,都市：其他:住宅區,,,1100109,土地1建物1車位0,十三層,二十一層,住宅大樓(11層含以上有電梯),住家用,鋼筋混凝土造,0870122,67.75999999999999,2,1,1,有,有,7700000,113636,,0.0,0,親友、員工、共有人或其他特殊關係間之交易;,RPPSMLTJKHGGFHF88EA,54.46,0.0,5.66,有,
中和區,房地(土地+建物),中興街211~240號,13.45,都市：其他:住宅區,,,1100103,土地1建物1車位0,八層,十五層,住宅大樓(11層含以上有電梯),住家用,見其他登記事項,0980318,107.67,3,2,2,有,有,14000000,130027,,0.0,0,,RPVOMLSKKHGGFHF09EA,58.86,3.33,12.89,有,
樹林區,房地(土地+建物)+車位,學勤路661~690號,20.28,都市：其他:住宅區,,,1091102,土地1建物1車位1,四層,十五層,住宅大樓(11層含以上有電梯),住家用,鋼筋混凝土造,0970303,156.35,3,2,2,有,有,12680000,81100,坡道平面,33.2,0,,RPUNMLRKKHGGFIF88EA,82.84,1.28,5.18,有,
三峽區,房地(土地+建物),復興路421~450號,2.91,都市：其他:住宅區,,,1091222,土地1建物1車位0,三層,十六層,住宅大樓(11層含以上有電梯),住家用,鋼筋混凝土造,0841013,35.71,1,1,1,有,有,3130000,87651,,0.0,0,,RPPPMLSKKHGGFIF68EA,24.08,0.0,5.43,有,
中和區,房地(土地+建物),景平路31~60號,4.83,都市：其他:住宅區,,,1091230,土地1建物1車位0,二層,二十二層,住宅大樓(11層含以上有電梯),住家用,鋼筋混凝土造,0851030,62.53,2,1,1,有,有,8050000,128738,,0.0,0,其他增建;,RPXRMLSKKHGGFHF96EA,51.66,0.0,4.26,有,
蘆洲區,房地(土地+建物)+車位,永樂街91~120號,18.85,都市：其他:住宅區,,,1091222,土地1建物1車位1,七層,十四層,住宅大樓(11層含以上有電梯),住家用,鋼筋混凝土造,0861209,182.46,4,2,2,有,有,15000000,82210,坡道平面,0.0,0,,RPXNMLSKKHGGFGF09EA,97.77,0.0,15.77,有,164.0
蘆洲區,房地(土地+建物)+車位,集賢路301~330號,29.1,都市：其他:住宅區,,,1091230,土地1建物1車位1,十八層，十九層,十九層,住宅大樓(11層含以上有電梯),住家用,鋼筋混凝土造,1000905,273.08,0,2,2,有,有,39680000,145305,坡道平面,24.07,0,,RPOOMLSKKHGGFGF28EA,0.0,0.0,0.0,有,
中和區,房地(土地+建物),中興街181~210號,6.84,都市：其他:住宅區,,,1100103,土地1建物1車位0,二層,十五層,住宅大樓(11層含以上有電梯),住家用,鋼筋混凝土造,0971009,56.1,1,1,1,有,有,7700000,137255,,0.0,0,陽台外推;,RPQNMLPJKHGGFHF08EA,30.88,0.0,7.54,有,166.0
淡水區,房地(土地+建物)+車位,濱海路一段306巷60弄31~60號,23.97,都市：其他:第五種住宅區,,,1100122,土地1建物1車位1,十層,十五層,住宅大樓(11層含以上有電梯),住家用,鋼筋混凝土造,1021021,170.66000000000003,3,2,2,有,有,9600000,56252,坡道平面,32.4,0,另有機車位乙位,RPOOMLSKKHGGFEF08EA,84.45,2.21,9.82,有,167.0
淡水區,房地(土地+建物)+車位,八勢路1~30號,43.72,都市：其他:住宅區(一),,,1091224,土地1建物1車位1,七層,二十三層,住宅大樓(11層含以上有電梯),住家用,鋼筋混凝土造,1070207,195.13,3,2,2,有,有,16900000,99941,坡道平面,43.04,1700000,親友、員工、共有人或其他特殊關係間之交易;,RPQOMLSKKHGGFEF28EA,89.8,7.96,4.9,有,168.0
汐止區,房地(土地+建物),新臺五路一段151~180號,4.49,都市：其他:商業區,,,1100122,土地1建物1車位0,二十六層,二十八層,住宅大樓(11層含以上有電梯),住家用,鋼筋混凝土造,0890523,126.61,2,2,1,有,有,11600000,91620,,0.0,0,,RPSPMLSKKHGGFDF48EA,0.0,0.0,0.0,有,171.0
板橋區,房地(土地+建物),新府路61~90號,3.42,都市：其他:第二種特定專用區,,,1091210,土地1建物1車位0,二十四層,二十四層,住宅大樓(11層含以上有電梯),住家用,鋼筋混凝土造,0971119,50.69,2,2,1,有,有,9300000,183468,,0.0,0,夾層;,RPRNMLRKKHGGFAF77EA,27.86,0.0,3.98,有,
板橋區,房地(土地+建物),長安街261巷1~30號,18.01,都市：其他:住宅區,,,1091205,土地1建物1車位0,九層,十六層,住宅大樓(11層含以上有電梯),住家用,鋼筋混凝土造,0830606,95.41,2,1,1,有,有,14200000,148831,,0.0,0,,RPQQMLPJKHGGFAF67EA,74.14,2.41,9.44,有,180.0
中和區,房地(土地+建物),秀朗路三段175巷1~30號,7.07,都市：其他:機關用地,,,1091227,土地7建物1車位0,四層,二十三層,住宅大樓(11層含以上有電梯),住家用,鋼筋混凝土造,0850108,64.92999999999999,2,1,1,有,有,8200000,126290,,0.0,0,,RPPNMLLKKHGGFHF57DA,52.2,0.29,5.77,有,
三重區,房地(土地+建物)+車位,三信路61~90號,23.44,都市：其他:住宅區,,,1100108,土地1建物1車位1,十二層,十三層,住宅大樓(11層含以上有電梯),住家用,鋼筋混凝土造,1041030,136.5,3,2,2,有,有,15400000,112821,坡道機械,23.18,0,,RPQPMLRKKHGGFGF38DA,66.78,3.5,9.7,有,188.0
三重區,房地(土地+建物),中正南路250巷1~30號,2.78,都市：其他:道路用地,,,1100102,土地5建物1車位0,十二層,三十六層,住宅大樓(11層含以上有電梯),住家用,鋼骨鋼筋混凝土造,0970627,37.31,1,0,1,有,有,6000000,160815,,0.0,0,,RPXPMLMJJHGGFGF38DA,21.48,0.0,4.87,有,
淡水區,房地(土地+建物),大忠街61~90號,10.0,都市：其他:住宅區,,,1100121,土地1建物2車位0,八層,十四層,住宅大樓(11層含以上有電梯),住家用,鋼筋混凝土造,0790828,57.77,1,1,1,有,有,2940000,50891,,0.0,0,,RPPQMLTJKHGGFEF28DA,33.6,0.0,6.46,有,
淡水區,房地(土地+建物)+車位,新市二路二段121~150號,34.83,都市：其他:第五之一種住宅區,,,1091231,土地1建物1車位2,十二層,十五層,住宅大樓(11層含以上有電梯),住家用,鋼筋混凝土造,1050401,249.74,4,2,2,有,有,13500000,54056,坡道平面,60.08,0,房屋款折讓49500元整.,RPPNMLSKKHGGFEF97DA,110.6,9.81,11.05,有,
淡水區,房地(土地+建物)+車位,新市二路二段91~120號,24.51,都市：其他:第五之一種住宅區,,,1100110,土地1建物1車位1,二層,十五層,住宅大樓(11層含以上有電梯),住家用,鋼筋混凝土造,1050401,173.57,3,2,2,有,有,8900000,51276,坡道平面,30.04,0,,RPQNMLSKKHGGFEF08DA,93.14,0.0,5.47,有,191.0
淡水區,房地(土地+建物)+車位,新市二路四段230巷61~90號,27.65,都市：其他:第五種住宅區,,,1100111,土地1建物1車位1,四層,十五層,住宅大樓(11層含以上有電梯),住家用,鋼筋混凝土造,1080118,189.53,3,2,2,有,有,11000000,58038,坡道平面,32.76,0,房屋款折讓56000元整.,RPOPMLTKKHGGFEF18DA,91.79,6.2,8.65,有,
淡水區,房地(土地+建物)+車位,新市一路三段101巷121~150號,23.43,都市：其他:第五種住宅區,,,1100127,土地1建物1車位1,十二層,十五層,住宅大樓(11層含以上有電梯),住家用,鋼筋混凝土造,1000922,166.16,3,2,2,有,有,11150000,67104,坡道平面,35.44,0,,RPVPMLTKKHGGFEF88DA,82.12,2.8,7.96,有,
淡水區,房地(土地+建物)+車位,沙崙路一段126巷91~120號,20.99,都市：其他:第五之一種住宅區,,,1091226,土地1建物1車位1,四層,二十三層,住宅大樓(11層含以上有電梯),住家用,鋼筋混凝土造,1050816,154.81,3,2,2,有,有,9050000,66362,坡道平面,36.52,1200000,,RPUQMLTKKHGGFEF88DA,68.56,3.61,9.24,有,192.0
淡水區,房地(土地+建物)+車位,新市三路一段91~120號,16.92,都市：其他:第五種住宅區,,,1091230,土地1建物1車位1,十九層,二十六層,住宅大樓(11層含以上有電梯),住家用,鋼筋混凝土造,1080222,115.46000000000001,2,1,2,有,有,8800000,82928,坡道平面,25.02,1300000,,RPWQMLSJKHGGFEF88DA,53.25,3.72,4.17,有,
淡水區,房地(土地+建物)+車位,新市三路一段91~120號,26.91,都市：其他:第五種住宅區,,,1091209,土地1建物1車位1,十九層,二十六層,住宅大樓(11層含以上有電梯),住家用,鋼筋混凝土造,1080222,178.3,3,2,2,有,有,13880000,81420,坡道平面,25.02,1400000,,RPXQMLSJKHGGFEF98DA,88.65,3.61,11.58,有,
淡水區,房地(土地+建物)+車位,新市三路一段121~150號,21.82,都市：其他:第五種住宅區,,,1091128,土地1建物1車位1,八層,二十層,住宅大樓(11層含以上有電梯),住家用,鋼筋混凝土造,1080222,144.73000000000002,3,1,2,有,有,11050000,80611,坡道平面,25.02,1400000,,RPORMLSJKHGGFEF18DA,70.82,5.02,5.42,有,
淡水區,房地(土地+建物)+車位,新市三路一段91~120號,16.92,都市：其他:第五種住宅區,,,1100108,土地1建物1車位1,十五層,二十六層,住宅大樓(11層含以上有電梯),住家用,鋼筋混凝土造,1080222,115.46000000000001,2,1,2,有,有,8850000,83481,坡道平面,25.02,1300000,,RPQRMLSJKHGGFEF38DA,53.25,3.72,4.17,有,
淡水區,房地(土地+建物)+車位,新市三路一段61~90號,16.92,都市：其他:第五種住宅區,,,1091215,土地1建物1車位1,二十三層,二十六層,住宅大樓(11層含以上有電梯),住家用,鋼筋混凝土造,1080222,115.46000000000001,2,1,2,有,有,9250000,86798,坡道平面,25.02,1400000,,RPRRMLSJKHGGFEF48DA,53.25,3.72,4.17,有,
淡水區,房地(土地+建物)+車位,八勢路50巷61~90號,42.14,都市：其他:第一種住宅區,,,1081206,土地1建物1車位1,十九層,二十三層,住宅大樓(11層含以上有電梯),住家用,鋼骨鋼筋混凝土造,1060602,192.53,3,2,2,有,有,21990000,128442,坡道平面,34.17,1650000,,RPPNMLRLJHGGFEF87DA,0.0,0.0,0.0,有,
淡水區,房地(土地+建物)+車位,北新路141巷60弄31~60號,14.06,都市：其他:住宅區,,,1100105,土地1建物1車位1,九層,十四層,住宅大樓(11層含以上有電梯),住家用,鋼筋混凝土造,0830809,121.44,2,1,1,有,有,5660000,46607,坡道平面,27.47,0,,RPTNMLKMJHGGFEF67DA,62.68,4.77,6.62,有,
淡水區,房地(土地+建物)+車位,淡金路二段481~510號,21.74,都市：其他:第五種住宅區,,,1100111,土地1建物1車位1,十三層,十五層,住宅大樓(11層含以上有電梯),住家用,鋼筋混凝土造,1010531,153.07,3,2,2,有,有,9070000,59254,坡道平面,29.84,0,,RPXOMLLJKHGGFEF08DA,73.77,4.26,8.09,有,193.0
淡水區,房地(土地+建物)+車位,中山北路二段189巷151~180號,25.97,都市：其他:第三種住宅區。,,,1100111,土地1建物1車位2,二層,十四層,住宅大樓(11層含以上有電梯),住家用,鋼筋混凝土造,0990615,153.45,2,1,2,有,有,12200000,79505,坡道機械,17.4,0,親友、員工、共有人或其他特殊關係間之交易;,RPOTMLNJKHGGFEF87DA,80.26,5.09,10.57,有,194.0
汐止區,房地(土地+建物)+車位,明峰街121~150號,19.41,都市：其他:第二種住宅區,,,1100107,土地1建物1車位1,十二層,十四層,住宅大樓(11層含以上有電梯),住家用,鋼筋混凝土造,0831026,156.69,4,2,2,有,有,15200000,97007,坡道平面,0.0,1400000,,RPVNMLSKKHGGFDF48DA,91.9,0.7,11.81,有,195.0
汐止區,房地(土地+建物),樟樹二路271~300號,10.7,都市：其他:第二種住宅區,,,1100107,土地2建物1車位0,三層,十七層,住宅大樓(11層含以上有電梯),住家用,鋼筋混凝土造,0850123,108.63,2,2,1,有,有,9150000,84231,,0.0,0,,RPVOMLRKKHGGFDF48DA,60.01,24.45,7.1,有,198.0
汐止區,房地(土地+建物),建成路121~150號,9.7,都市：其他:商業區,,,1091231,土地1建物1車位0,十五層,十九層,住宅大樓(11層含以上有電梯),住家用,鋼筋混凝土造,0860423,95.74,3,2,2,有,有,8700000,90871,,0.0,0,,RPXPMLMLJHGGFDF28DA,66.85,0.0,9.14,有,
汐止區,房地(土地+建物),新臺五路二段211~240號,4.69,都市：其他:第二種住宅區,,,1100110,土地2建物1車位0,十四層,三十六層,住宅大樓(11層含以上有電梯),住家用,鋼骨鋼筋混凝土造,0851230,93.7,3,2,1,有,有,7450000,79509,,0.0,0,,RPOQMLTKJHGGFDF08DA,56.81,3.27,10.78,有,199.0
新店區,房地(土地+建物)+車位,北宜路二段481~510號,15.08,都市：其他:第三種住宅區。,,,1091228,土地1建物1車位1,十三層,十五層,住宅大樓(11層含以上有電梯),住家用,鋼筋混凝土造,0841129,166.76999999999998,3,2,2,有,有,10880000,65240,坡道平面,0.0,1800000,其他增建;,RPVOMLLJKHGGFCF67DA,78.23,0.0,8.51,有,
新店區,房地(土地+建物),中興路一段181~210號,8.05,都市：其他:道路用地,,,1100109,土地2建物1車位0,三層,二十層,住宅大樓(11層含以上有電梯),住家用,鋼筋混凝土造,0880930,89.59,3,2,1,有,有,13680000,152696,,0.0,0,,RPRNMLLLJHGGFCF27DA,61.9,0.0,8.6,有,203.0
林口區,房地(土地+建物)+車位,文化三路一段541~570號,15.8,都市：其他:第五種住宅區,,,1100105,土地1建物1車位1,四層,十四層,住宅大樓(11層含以上有電梯),住家用,鋼筋混凝土造,0950314,133.66,3,2,2,有,有,10800000,80802,坡道平面,25.18,0,,RPQOMLSKKHGGFBF87DA,63.05,0.68,15.41,有,204.0
板橋區,房地(土地+建物),南雅南路二段11巷1~30號,13.02,都市：其他:住宅區,,,1091114,土地1建物1車位0,八層,十九層,住宅大樓(11層含以上有電梯),住家用,鋼筋混凝土造,0850108,113.61999999999999,4,2,2,有,有,16600000,146101,,0.0,0,,RPQPMLSKKHGGFAF87DA,93.6,1.08,9.84,有,216.0
土城區,房地(土地+建物),明街31~60號,12.69,都市：其他:第二種住宅區,,,1091120,土地1建物1車位0,十三層,十四層,住宅大樓(11層含以上有電梯),住家用,鋼筋混凝土造,0850831,104.02000000000001,3,2,2,有,有,12000000,115362,,0.0,0,親友、員工、共有人或其他特殊關係間之交易;,RPQPMLRKKHGGFAF77DA,80.42,0.0,8.12,有,217.0
板橋區,房地(土地+建物),民生路三段301~330號,4.87,都市：其他:住宅區,,,1091213,土地1建物1車位0,四層,三十七層,住宅大樓(11層含以上有電梯),住家用,鋼骨鋼筋混凝土造,0950914,145.55,3,2,2,有,有,15800000,108554,,0.0,0,陽台外推;,RPWSMLMJKHGGFAF08DA,89.86,0.0,14.26,有,
土城區,房地(土地+建物)+車位,員林街1~30號,26.74,都市：其他:第二種住宅區,,,1100115,土地1建物1車位1,三層,十四層,住宅大樓(11層含以上有電梯),住家用,鋼筋混凝土造,1000527,193.37,3,2,2,有,有,20800000,111322,坡道平面,24.49,2000000,,RPTPMLOJKHGGFAF67DA,101.81,6.42,9.6,有,
板橋區,房地(土地+建物)+車位,廣權路1~30號,17.33,都市：其他:住宅區,,,1100109,土地1建物1車位1,十三層,十三層,住宅大樓(11層含以上有電梯),住家用,鋼筋混凝土造,0880209,164.51,5,2,2,有,有,16000000,105108,坡道機械,21.8,1000000,陽台外推;其他增建;,RPOOMLQLJHGGFAF37DA,92.63,0.0,17.61,有,223.0
桃園區,房地(土地+建物)+車位,同德五街1~30號,17.61,都市：其他:商業區,,,1091020,土地1建物1車位1,十四層,二十六層,住宅大樓(11層含以上有電梯),住家用,鋼骨鋼筋混凝土造,1090106,210.83999999999997,3,2,3,有,有,24300000,119255,坡道平面,27.2,2400000,,RPWQMLRKJIPFFAH86DA,108.11,0.0,13.27,有,
桃園區,房地(土地+建物)+車位,經國路391~420號,10.85,都市：其他:住宅區,,,1091227,土地1建物1車位1,十二層,十六層,住宅大樓(11層含以上有電梯),住家用,鋼筋混凝土造,0831017,145.95,3,2,2,有,有,8730000,59815,坡道平面,0.0,0,陽台外推;,RPTNMLRJJHGGFAH87DA,73.16,2.25,8.98,有,
桃園區,房地(土地+建物)+車位,幸福路181~210號,18.41,都市：其他:住宅區,,,1091123,土地1建物1車位1,十三層,十三層,住宅大樓(11層含以上有電梯),住家用,鋼筋混凝土造,1090227,131.11,2,2,1,有,有,12600000,101616,坡道平面,25.32,1850000,,RPSSMLSJJHGGFAH38DA,62.88,3.8,4.34,有,
桃園區,房地(土地+建物)+車位,藝文一街61~90號,21.64,都市：其他:商業區,,,1091219,土地1建物1車位2,十九層,二十六層,住宅大樓(11層含以上有電梯),住家用,鋼骨鋼筋混凝土造,1090106,280.01,3,2,3,有,有,32380000,124019,坡道平面,54.4,4400000,,RPVUMLQLJHGGFAH88DA,129.49,0.0,19.75,有,
桃園區,房地(土地+建物)+車位,幸福路181~210號,23.01,都市：其他:住宅區,,,1091231,土地1建物1車位1,八層,十三層,住宅大樓(11層含以上有電梯),住家用,鋼筋混凝土造,1090227,154.51,3,2,2,有,有,12850000,84338,坡道平面,23.49,1800000,,RPQNMLTLJHGGFAH97DA,78.71,2.5,6.77,有,
桃園區,房地(土地+建物)+車位,大有路451~480號,18.64,都市：其他:住宅區,,,1100109,土地1建物1車位1,十一層,十四層,住宅大樓(11層含以上有電梯),住家用,鋼筋混凝土造,1030610,131.92000000000002,2,2,1,有,有,9200000,69739,坡道平面,0.0,0,,RPSPMLMJKHGGFAH57DA,62.15,1.44,3.22,有,4.0
桃園區,房地(土地+建物)+車位,幸福路271~300號,28.26,都市：其他:住宅區,,,1091218,土地1建物1車位1,五層,十三層,住宅大樓(11層含以上有電梯),住家用,鋼筋混凝土造,1090622,190.88,3,2,2,有,有,18100000,106535,坡道平面,37.41,1750000,,RPRQMLMJKHGGFAH57DA,90.54,6.98,6.48,有,
桃園區,房地(土地+建物)+車位,吉安一街181~210號,18.08,都市：其他:第一之二種住宅區,,,1100103,土地1建物1車位1,四層,二十一層,住宅大樓(11層含以上有電梯),住家用,鋼筋混凝土造,1070323,153.25,3,2,2,有,有,13280000,94841,坡道平面,27.25,1330000,,RPQRMLOJKHGGFAH77DA,74.21,2.21,7.38,有,
桃園區,房地(土地+建物)+車位,大興西路三段241~270號,60.64,都市：其他:第一之二種住宅區,,,1091024,土地1建物1車位3,二十八層,二十八層,住宅大樓(11層含以上有電梯),住家用,鋼筋混凝土造,1081212,489.99,4,2,4,有,有,56780000,124029,坡道平面,78.15,5700000,,RPWRMLPJKHGGFAH48DA,244.16,0.0,23.76,有,
桃園區,房地(土地+建物)+車位,大興西路三段241~270號,57.19,都市：其他:第一之二種住宅區,,,1091024,土地1建物1車位2,二十八層,二十八層,住宅大樓(11層含以上有電梯),住家用,鋼筋混凝土造,1081212,448.7,4,2,4,有,有,51790000,121004,坡道平面,52.1,3800000,,RPOSMLPJKHGGFAH77DA,234.56,0.0,23.76,有,
桃園區,房地(土地+建物)+車位,龍泉二街31~60號,11.7,都市：其他:商業區,,,1091218,土地1建物1車位1,六層,十九層,住宅大樓(11層含以上有電梯),住家用,鋼筋混凝土造,1021023,138.21,2,2,2,有,有,8100000,58606,坡道平面,27.63,0,,RPVOMLSJKHGGFAH38DA,68.48,1.5,6.05,有,5.0
桃園區,房地(土地+建物)+車位,幸福路181~210號,18.41,都市：其他:住宅區,,,1091123,土地1建物1車位1,十層,十三層,住宅大樓(11層含以上有電梯),住家用,鋼筋混凝土造,1090227,129.92000000000002,2,2,1,有,有,10900000,86520,坡道平面,25.32,1850000,,RPWOMLSJKHGGFAH48DA,62.54,2.56,4.73,有,
桃園區,房地(土地+建物)+車位,幸福路181~210號,18.41,都市：其他:住宅區,,,1091123,土地1建物1車位1,十二層,十三層,住宅大樓(11層含以上有電梯),住家用,鋼筋混凝土造,1090227,131.11,2,2,1,有,有,12700000,102562,坡道平面,25.32,1850000,,SPWOMLSJKHGGFAH58DA,62.88,3.8,4.34,有,
桃園區,房地(土地+建物)+車位,吉安一街181~210號,18.04,都市：其他:第一之二種住宅區,,,1091027,土地1建物1車位1,十三層,二十一層,住宅大樓(11層含以上有電梯),住家用,鋼筋混凝土造,1070323,153.10000000000002,3,2,1,有,有,13360000,97179,坡道平面,27.25,1130000,,RPPNMLPJKHGGFAH37DA,74.21,2.21,7.23,有,
桃園區,房地(土地+建物)+車位,吉安一街181~210號,18.04,都市：其他:第一之二種住宅區,,,1100123,土地1建物1車位1,十一層,二十一層,住宅大樓(11層含以上有電梯),住家用,鋼筋混凝土造,1070323,153.17000000000002,3,2,2,有,有,13000000,92122,坡道平面,27.25,1400000,,RPQNMLPJKHGGFAH47DA,74.21,2.13,7.38,有,
桃園區,房地(土地+建物)+車位,力行路331~360號,24.02,都市：其他:住宅區,,,1091017,土地1建物1車位1,十六層,二十層,住宅大樓(11層含以上有電梯),住家用,鋼筋混凝土造,1071011,169.88,3,2,2,有,有,13250000,86168,坡道平面,35.26,1650000,,RPTNMLSJKHGGFAH08DA,83.87,0.0,6.59,有,
中壢區,房地(土地+建物)+車位,九和六街1~30號,17.43,都市：其他:住宅區,,,1100110,土地1建物1車位1,六層,十五層,住宅大樓(11層含以上有電梯),住家用,鋼筋混凝土造,0880917,175.29,4,2,2,有,有,12450000,71025,坡道平面,0.0,0,陽台外推;,RPVPMLNKJHGGFBH08DA,103.67,0.76,12.21,有,
蘆竹區,房地(土地+建物),南山路一段61~90號,3.31,都市：其他:住宅區,,,1100101,土地1建物1車位0,十九層,二十層,住宅大樓(11層含以上有電梯),住家用,鋼筋混凝土造,0840811,35.89,1,1,1,有,有,1950000,54333,,0.0,0,,RPPNMLLJJHGGFEH27DA,23.91,1.0,0.0,有,14.0
蘆竹區,房地(土地+建物)+車位,奉化路211~240號,19.65,都市：其他:住宅區,,,1100103,土地1建物1車位1,八層,十三層,住宅大樓(11層含以上有電梯),住家用,鋼筋混凝土造,0991230,168.26,3,2,2,有,有,12600000,74884,坡道平面,36.22,0,,RPWNMLLJKHGGFEH08DA,79.22,3.84,10.77,有,
八德區,房地(土地+建物),陸光街60巷1~30號,26.14,都市：其他:住宅區,,,1100106,土地1建物1車位0,二層,十三層,住宅大樓(11層含以上有電梯),住家用,鋼筋混凝土造,0881125,143.72,3,2,2,有,有,5350000,37225,,0.0,0,,RPROMLNKJHGGFFH97DA,87.98,0.0,11.93,有,
平鎮區,房地(土地+建物)+車位,廣泰路241~270號,23.13,都市：其他:住宅區,,,1100101,土地1建物1車位1,三層,十四層,住宅大樓(11層含以上有電梯),住家用,鋼筋混凝土造,1060803,147.62,3,1,1,有,有,8000000,54193,坡道平面,0.0,0,,RPSNMLPJKHGGFGH28DA,61.54,4.37,7.86,有,19.0
龜山區,房地(土地+建物)+車位,牛角坡路241~270號,12.27,都市：其他:第五種住宅區,,,1080219,土地1建物1車位1,二層,十四層,住宅大樓(11層含以上有電梯),住家用,鋼筋混凝土造,1090909,114.47,2,2,1,有,有,6990000,66754,坡道機械,22.49,850000,,RPWUMLSLJHGGFHH27DA,53.69,0.0,9.21,有,
龜山區,房地(土地+建物)+車位,牛角坡路241~270號,12.53,都市：其他:第五種住宅區,,,1091227,土地1建物1車位1,十層,十五層,住宅大樓(11層含以上有電梯),住家用,鋼筋混凝土造,1090909,116.46000000000001,2,2,1,有,有,8000000,74342,坡道機械,22.3,1000000,,RPVPMLPJKHGGFHH88DA,57.23,0.0,7.27,有,
龜山區,房地(土地+建物),牛角坡路271~300號,12.09,都市：其他:第五種住宅區,,,1091224,土地1建物1車位0,四層,十五層,住宅大樓(11層含以上有電梯),住家用,鋼筋混凝土造,1090909,94.16,2,2,1,有,有,6900000,73280,,0.0,0,,RPWROLPJKHGGFHH76DA,57.23,0.0,7.27,有,
龜山區,房地(土地+建物)+車位,牛角坡路271~300號,12.53,都市：其他:第五種住宅區,,,1091015,土地1建物1車位1,十三層,十五層,住宅大樓(11層含以上有電梯),住家用,鋼筋混凝土造,1090909,116.46000000000001,2,2,1,有,有,8150000,76466,坡道機械,22.3,950000,含傢俱設備費70000元;,RPPSOLPJKHGGFHH78DA,57.23,0.0,7.27,有,
桃園區,房地(土地+建物)+車位,民富十三街31~60號,30.03,都市：其他:住宅區,,,1091228,土地1建物1車位1,六層,十五層,住宅大樓(11層含以上有電梯),住家用,鋼筋混凝土造,1030226,166.02,3,2,2,有,有,10500000,63245,坡道平面,31.7,0,,RPUQMLTJKHGGFAH68EA,79.54,1.79,9.79,有,22.0
中壢區,房地(土地+建物)+車位,中山東路三段61~90號,10.74,都市：其他:商業區,,,1091227,土地1建物1車位1,八層,二十四層,住宅大樓(11層含以上有電梯),住家用,鋼筋混凝土造,0970428,174.55,3,2,2,有,有,8580000,54151,坡道平面,40.11,1300000,其他增建;,RPPQMLSJKHGGFBH18EA,83.1,5.03,10.62,有,
蘆竹區,房地(土地+建物)+車位,南祥路91~120號,25.14,都市：其他:住宅區,,,1100107,土地1建物1車位1,五層,十四層,住宅大樓(11層含以上有電梯),住家用,鋼筋混凝土造,0880707,179.45,3,2,2,有,有,7000000,39008,坡道平面,0.0,0,親友、員工、共有人或其他特殊關係間之交易;,RPXNMLSJKHGGFEH98EA,116.41,0.0,0.0,有,
平鎮區,房地(土地+建物)+車位,開封街421~450號,15.29,都市：其他:住宅區,,,1100102,土地1建物1車位1,八層,十三層,住宅大樓(11層含以上有電梯),住家用,鋼筋混凝土造,1001025,122.68,2,1,1,有,有,4850000,39534,坡道平面,37.68,0,,RPROMLPJKHGGFGH38EA,55.83,0.0,3.25,有,
平鎮區,房地(土地+建物)+車位,中豐路202巷1~30號,15.99,都市：其他:住宅區,,,1100121,土地1建物1車位1,十三層,十三層,住宅大樓(11層含以上有電梯),住家用,鋼筋混凝土造,0860501,155.65,3,2,2,有,有,6400000,47174,坡道平面,41.18,1000000,,RPQNMLRKKHGGFGH48EA,93.14,0.0,10.73,有,
龜山區,房地(土地+建物),文化三路61~90號,13.86,都市：其他:中心商業區,,,1091114,土地1建物1車位0,四層,十三層,住宅大樓(11層含以上有電梯),住家用,鋼筋混凝土造,0851230,102.2,3,2,2,有,有,7650000,74853,,0.0,0,,RPXNMLTJKHGGFHH76EA,67.84,3.24,10.84,有,
八德區,房地(土地+建物)+車位,天祥街102巷31~60號,25.38,都市：其他:住宅區,,,1100106,土地1建物1車位1,九層,十三層,住宅大樓(11層含以上有電梯),住家用,鋼筋混凝土造,1040120,164.34,3,2,2,有,有,10000000,60849,坡道平面,0.0,0,,RPTNMLSJKHGGFFH68EA,86.41,0.0,8.43,有,30.0
楊梅區,房地(土地+建物)+車位,永美路371巷1~30號,39.72,都市：其他:住宅區,,,1091121,土地1建物1車位2,六層,十八層,住宅大樓(11層含以上有電梯),住家用,鋼筋混凝土造,1050830,285.81,3,2,2,有,有,14200000,49683,坡道平面,0.0,2400000,,RPPOMLSJKHGGFDH18EA,130.16,0.0,13.87,有,32.0
桃園區,房地(土地+建物),明德街13巷1~30號,10.24,都市：其他:住宅區,,,1091213,土地1建物1車位0,八層,十七層,住宅大樓(11層含以上有電梯),住家用,鋼筋混凝土造,0831005,96.29,3,2,2,有,有,6300000,65427,,0.0,0,,RPVQMLTJKHGGFAH78EA,70.82,1.28,8.46,有,35.0
龜山區,房地(土地+建物)+車位,文化二路34巷14弄1~30號,12.65,都市：其他:中心商業區,,,1100109,土地1建物1車位1,十二層,十四層,住宅大樓(11層含以上有電梯),住家用,鋼筋混凝土造,0830912,119.93,2,1,1,有,有,8100000,67539,坡道平面,37.33,0,,RPRNMLTJKHGGFHH68DA,70.24,3.27,9.08,有,
龜山區,房地(土地+建物)+車位,中興路61~90號,28.67,都市：其他:第一種住宅區,,,1100109,土地1建物1車位1,十一層,十五層,住宅大樓(11層含以上有電梯),住家用,鋼筋混凝土造,1010328,199.85000000000002,4,2,2,有,有,11600000,58044,坡道平面,36.6,0,,RPWNMLTJKHGGFHH56DA,96.91,3.77,12.33,有,
龜山區,房地(土地+建物)+車位,牛角坡路241~270號,12.67,都市：其他:第五種住宅區,,,1071008,土地1建物1車位1,五層,十五層,住宅大樓(11層含以上有電梯),住家用,鋼筋混凝土造,1090909,126.11000000000001,2,2,1,有,有,8100000,67695,坡道平面,30.83,1650000,,RPOQMLPJKHGGFHH28DA,56.78,0.0,8.45,有,
龜山區,房地(土地+建物)+車位,牛角坡路241~270號,12.22,都市：其他:第五種住宅區,,,1091223,土地1建物1車位1,十四層,十五層,住宅大樓(11層含以上有電梯),住家用,鋼筋混凝土造,1090909,113.86,2,2,1,有,有,7720000,73394,坡道機械,22.3,1000000,,RPQQMLPJKHGGFHH48DA,55.94,0.0,6.74,有,
龜山區,房地(土地+建物)+車位,牛角坡路271~300號,12.22,都市：其他:第五種住宅區,,,1090812,土地1建物1車位1,五層,十五層,住宅大樓(11層含以上有電梯),住家用,鋼筋混凝土造,1090909,113.86,2,2,1,有,有,7380000,69681,坡道機械,22.3,1000000,,RPSQMLPJKHGGFHH68DA,55.94,0.0,6.74,有,
龜山區,房地(土地+建物)+車位,牛角坡路271~300號,12.67,都市：其他:第五種住宅區,,,1071008,土地1建物1車位1,七層,十五層,住宅大樓(11層含以上有電梯),住家用,鋼筋混凝土造,1090909,117.77000000000001,2,2,1,有,有,7500000,69270,坡道機械,22.49,900000,,RPVQMLPJKHGGFHH98DA,56.78,0.0,8.45,有,
龜山區,房地(土地+建物)+車位,牛角坡路271~300號,12.27,都市：其他:第五種住宅區,,,1081008,土地1建物1車位1,九層,十四層,住宅大樓(11層含以上有電梯),住家用,鋼筋混凝土造,1090909,114.28,2,2,1,有,有,7400000,70668,坡道機械,22.3,900000,,RPPRMLPJKHGGFHH48DA,53.69,0.0,9.21,有,
桃園區,房地(土地+建物)+車位,春日路631~660號,24.81,都市：其他:住宅區,,,1091030,土地1建物1車位1,二十四層,二十四層,住宅大樓(11層含以上有電梯),住家用,鋼筋混凝土造,0881129,201.73000000000002,3,2,2,有,有,8000000,39657,坡道平面,0.0,0,,RPROMLPLKIPFFAH88EA,118.49,0.0,15.75,有,36.0
八德區,房地(土地+建物)+車位,中正一路1~30號,14.49,都市：其他:商業區,,,1091227,土地1建物1車位1,八層,二十四層,住宅大樓(11層含以上有電梯),住家用,鋼筋混凝土造,1040617,130.24,2,2,1,有,有,7800000,59889,坡道平面,31.92,0,,RPPOMLSKJHGGFFH28DA,60.81,0.0,6.39,有,45.0
八德區,房地(土地+建物)+車位,建德路241~270號,23.53,都市：其他:商業區,,,1100119,土地1建物1車位1,十一層,十八層,住宅大樓(11層含以上有電梯),住家用,鋼筋混凝土造,1031006,192.48000000000002,3,2,2,有,有,10800000,61318,坡道平面,37.55,1300000,,RPSQMLTKJHGGFFH88DA,91.41,10.48,4.84,有,46.0
蘆竹區,房地(土地+建物)+車位,奉化路258巷1~30號,3.94,都市：其他:住宅區,,,1100117,土地1建物1車位1,七層,十三層,住宅大樓(11層含以上有電梯),住家用,鋼筋混凝土造,0950218,23.71,2,2,1,有,有,1500000,63264,坡道平面,0.0,0,親友、員工、共有人或其他特殊關係間之交易;,RPQNMLRJKHGGFEH08DA,12.19,0.3,0.7,有,48.0
楊梅區,房地(土地+建物)+車位,梅獅路二段232巷31~60號,17.28,都市：其他:住宅區,,,1091225,土地1建物1車位1,七層,十四層,住宅大樓(11層含以上有電梯),住家用,鋼筋混凝土造,1030105,132.51,2,2,1,有,有,4680000,35318,坡道平面,37.04,0,,RPTNMLTJKHGGFDH48DA,60.07,0.9,4.5,有,51.0
中壢區,房地(土地+建物)+車位,九和二街1~30號,13.71,都市：其他:住宅區,,,1100102,土地1建物1車位1,七層,十五層,住宅大樓(11層含以上有電梯),住家用,鋼筋混凝土造,0870804,144.08,3,2,2,有,有,9880000,68573,坡道平面,0.0,0,房地交易總額9880000元其中土地交易價格8060000元，建物交易價格1820000元,RPOQMLSJKHGGFBH97DA,74.2,0.6,10.88,有,
中壢區,房地(土地+建物)+車位,慈惠三街157巷1~30號,29.78,都市：其他:住宅區,,,1100117,土地1建物1車位2,三層,十五層,住宅大樓(11層含以上有電梯),住家用,鋼筋混凝土造,0791227,256.19,4,2,2,有,有,13000000,50744,坡道平面,0.0,3000000,其他增建;,RPRNMLRKJHGGFBH87DA,204.21,0.79,18.71,有,
桃園區,房地(土地+建物)+車位,經國路301~330號,34.41,都市：其他:住宅區,,,1091220,土地1建物1車位2,八層,十九層,住宅大樓(11層含以上有電梯),住家用,鋼筋混凝土造,0890304,355.52,4,2,4,有,有,25800000,72570,坡道平面,0.0,0,,RPOOMLSJKHGGFAH67DA,205.93,0.0,30.81,有,
桃園區,房地(土地+建物)+車位,慈文路841~870號,38.47,都市：其他:住宅區,,,1091203,土地1建物1車位2,三層,二十四層,住宅大樓(11層含以上有電梯),住家用,鋼筋混凝土造,1080904,287.58000000000004,3,2,2,有,有,23800000,101143,坡道平面,82.92,3100000,,RPVRMLSJKHGGFAH68DA,122.31,0.0,14.99,有,
桃園區,房地(土地+建物),大興西路二段181~210號,8.72,都市：其他:住宅區,,,1091206,土地1建物1車位0,十四層,十四層,住宅大樓(11層含以上有電梯),住家用,鋼筋混凝土造,0921114,84.06,1,1,1,有,有,6400000,76136,,0.0,0,,RPUPMLSJKHGGFAH38DA,54.89,0.51,4.89,有,69.0
桃園區,房地(土地+建物)+車位,大興西路二段69巷61~90號,18.21,都市：其他:綠地用地,,,1100118,土地2建物1車位1,五層,十五層,住宅大樓(11層含以上有電梯),住家用,鋼筋混凝土造,1000309,131.07,2,2,1,有,有,11500000,87739,坡道平面,32.44,0,,RPVPMLSJKHGGFAH48DA,60.14,2.49,6.6,有,
桃園區,房地(土地+建物)+車位,大興路290巷1~30號,16.16,都市：其他:住宅區,,,1091217,土地1建物1車位1,三層,十四層,住宅大樓(11層含以上有電梯),住家用,鋼筋混凝土造,1020925,118.99,2,2,1,有,有,8380000,70426,坡道平面,27.2,0,,RPXPMLSJKHGGFAH68DA,55.29,2.52,6.24,有,70.0
桃園區,房地(土地+建物)+車位,國際路二段121~150號,12.23,都市：其他:第二種住宅區,,,1100109,土地1建物1車位1,十六層,十七層,住宅大樓(11層含以上有電梯),住家用,鋼筋混凝土造,0841212,144.24,3,1,2,有,有,6000000,41597,坡道平面,37.57,0,陽台外推;,RPQOMLPJKHGGFAH57DA,83.83,0.77,8.86,有,
桃園區,房地(土地+建物)+車位,桃鶯路31~60號,11.68,都市：其他:住宅區,,,1091218,土地2建物1車位1,八層,二十一層,住宅大樓(11層含以上有電梯),住家用,鋼筋混凝土造,1050713,124.68,2,2,1,有,有,11000000,88226,坡道平面,27.47,0,,RPXOMLSJKHGGFAH58DA,61.28,1.69,3.15,有,71.0
桃園區,房地(土地+建物)+車位,慈文路841~870號,38.46,都市：其他:住宅區,,,1091130,土地1建物1車位1,十六層,二十四層,住宅大樓(11層含以上有電梯),住家用,鋼筋混凝土造,1080904,246.46,3,2,2,有,有,23990000,107426,坡道平面,40.83,1900000,,RPOPMLSJKHGGFAH77DA,122.31,0.0,14.99,有,
桃園區,房地(土地+建物)+車位,慈文路841~870號,38.64,都市：其他:住宅區,,,1091015,土地1建物1車位2,二十二層,二十四層,住宅大樓(11層含以上有電梯),住家用,鋼筋混凝土造,1080904,287.29,3,2,2,有,有,25200000,106988,坡道平面,81.66,3200000,,RPSPMLSJKHGGFAH18DA,121.66,0.0,14.99,有,
桃園區,房地(土地+建物)+車位,幸福路271~300號,28.26,都市：其他:住宅區,,,1091211,土地1建物1車位1,五層,十三層,住宅大樓(11層含以上有電梯),住家用,鋼筋混凝土造,1090622,190.88,4,2,2,有,有,18200000,107187,坡道平面,37.41,1750000,,RPSQMLMJKHGGFAH67DA,90.54,6.98,6.48,有,
桃園區,房地(土地+建物)+車位,正光二街31~60號,14.34,都市：其他:住宅區,,,1090929,土地1建物1車位1,五層,十五層,住宅大樓(11層含以上有電梯),住家用,鋼筋混凝土造,1091222,109.43,2,1,1,有,有,8170000,76556,坡道平面,25.57,1750000,預售屋、或土地及建物分次登記案件;,RPXPMLKMJHGGFAH08DA,52.19,1.31,3.71,有,
桃園區,房地(土地+建物),民有五街91~120號,14.2,都市：其他:住宅區,,,1091231,土地1建物1車位0,五層,十四層,住宅大樓(11層含以上有電梯),住家用,鋼筋混凝土造,0931231,135.15,3,2,2,有,有,8500000,62893,,0.0,0,,RPUSMLSLJHGGFAH78DA,82.94,1.08,12.68,有,74.0
桃園區,房地(土地+建物)+車位,幸福路181~210號,23.01,都市：其他:住宅區,,,1100107,土地1建物1車位1,十二層,十三層,住宅大樓(11層含以上有電梯),住家用,鋼筋混凝土造,1090227,157.16000000000003,3,2,2,有,有,13110000,85027,坡道平面,25.32,1900000,,RPUQMLQLJHGGFAH38DA,78.71,2.5,6.77,有,
桃園區,房地(土地+建物)+車位,幸福路151~180號,25.11,都市：其他:住宅區,,,1091228,土地1建物1車位1,七層,十三層,住宅大樓(11層含以上有電梯),住家用,鋼筋混凝土造,1090227,170.49,3,2,2,有,有,14100000,84039,坡道平面,25.32,1900000,,RPPNMLKLJHGGFAH96DA,84.38,5.47,7.05,有,
桃園區,房地(土地+建物),明德街13巷1~30號,10.97,都市：其他:住宅區,,,1091209,土地1建物1車位0,九層,十七層,住宅大樓(11層含以上有電梯),住家用,鋼筋混凝土造,0831005,99.99000000000001,3,2,2,有,有,5000000,50005,,0.0,0,親友、員工、共有人或其他特殊關係間之交易;,RPTTMLMLJHGGFAH18DA,71.27,5.33,8.46,有,75.0
桃園區,房地(土地+建物)+車位,文中三路1~30號,16.53,都市：其他:住宅區,,,1091222,土地1建物1車位1,十二層,十五層,住宅大樓(11層含以上有電梯),住家用,鋼筋混凝土造,1081015,129.51,3,2,1,有,有,9400000,75772,坡道平面,26.57,1600000,,RPVOMLSJJHGGFAH28DA,64.52,0.0,5.84,有,
桃園區,房地(土地+建物)+車位,桃鶯路361~390號,20.22,都市：其他:住宅區,,,1100105,土地1建物1車位1,十層,十三層,住宅大樓(11層含以上有電梯),住家用,鋼筋混凝土造,1001128,165.97,3,2,2,有,有,9350000,56335,坡道平面,33.93,0,陽台外推;,RPOPMLSJJHGGFAH67DA,78.53,3.89,10.58,有,76.0
桃園區,房地(土地+建物),大興西路二段241~270號,8.8,都市：其他:住宅區,,,1100111,土地1建物1車位0,十七層,二十層,住宅大樓(11層含以上有電梯),住家用,鋼筋混凝土造,0841103,102.44999999999999,3,2,2,有,有,6000000,58565,,0.0,0,,RPVQMLOKJHGGFAH18DA,65.82,2.71,8.88,有,
桃園區,房地(土地+建物)+車位,正光二街31~60號,22.44,都市：其他:住宅區,,,1090922,土地1建物1車位1,七層,十五層,住宅大樓(11層含以上有電梯),住家用,鋼筋混凝土造,1091222,156.73000000000002,3,2,2,有,有,11930000,76219,坡道平面,24.48,1850000,預售屋、或土地及建物分次登記案件;,RPPUNLSKJHGGFAH48DA,78.18,0.99,10.73,有,
桃園區,房地(土地+建物)+車位,正光二街61~90號,22.74,都市：其他:住宅區,,,1090714,土地1建物1車位1,十二層,十五層,住宅大樓(11層含以上有電梯),住家用,鋼筋混凝土造,1091222,160.54,3,2,2,有,有,11880000,74313,坡道平面,25.57,1850000,預售屋、或土地及建物分次登記案件;,RPSVNLSKJHGGFAH88DA,79.5,1.56,10.88,有,
桃園區,房地(土地+建物)+車位,文中三路31~60號,27.97,都市：其他:住宅區,,,1091214,土地1建物1車位2,十一層,十五層,住宅大樓(11層含以上有電梯),住家用,鋼筋混凝土造,1081015,224.85000000000002,4,2,2,有,有,17900000,83010,坡道平面,51.98,3550000,,RPSOMLTKJHGGFAH18DA,104.18,0.0,14.0,有,
桃園區,房地(土地+建物),大有路511~540號,11.23,都市：其他:住宅區,,,1091226,土地1建物1車位0,十八層,十九層,住宅大樓(11層含以上有電梯),住家用,鋼筋混凝土造,0840419,105.67999999999999,3,2,2,有,有,5800000,54883,,0.0,0,,RPRNNLRJJHGGFAH77DA,77.39,0.0,9.63,有,77.0
桃園區,房地(土地+建物),大有路541~570號,12.99,都市：其他:住宅區,,,1091225,土地1建物1車位0,十一層,十六層,住宅大樓(11層含以上有電梯),住家用,鋼筋混凝土造,0821224,117.17,3,2,2,有,有,6800000,58035,,0.0,0,,RPVSMLOJJHGGFAH28DA,82.57,0.66,9.31,有,79.0
桃園區,房地(土地+建物),國鼎一街1~30號,19.49,都市：其他:第二種住宅區,,,1091225,土地1建物1車位0,二層,十六層,住宅大樓(11層含以上有電梯),住家用,鋼筋混凝土造,0860903,128.14,3,2,2,有,有,6000000,46824,,0.0,0,親友、員工、共有人或其他特殊關係間之交易;,RPPOMLPLKIPFFAH58DA,89.65,2.14,7.23,有,
桃園區,房地(土地+建物),經國路601~630號,11.26,都市：其他:住宅區,,,1091219,土地1建物1車位0,十三層,十九層,住宅大樓(11層含以上有電梯),住家用,鋼筋混凝土造,0850420,107.44,3,2,2,有,有,7000000,65153,,0.0,0,,RPOOMLLLJHGGFAH07DA,76.99,3.29,8.59,有,83.0
桃園區,房地(土地+建物)+車位,民光東路43巷31~60號,29.88,都市：其他:住宅區,,,1100115,土地1建物1車位1,十層,十三層,住宅大樓(11層含以上有電梯),住家用,鋼筋混凝土造,1070206,183.31,3,2,2,有,有,9300000,50734,坡道平面,42.32,0,親友、員工、共有人或其他特殊關係間之交易;,RPPTMLMLJHGGFAH77DA,85.8,0.0,9.89,有,84.0
桃園區,房地(土地+建物)+車位,大興西路二段69巷91~120號,21.38,都市：其他:綠地用地,,,1100109,土地2建物1車位1,十四層,十五層,住宅大樓(11層含以上有電梯),住家用,鋼筋混凝土造,1000309,152.6,3,2,2,有,有,12140000,79554,坡道平面,32.44,0,,RPUTMLPJKHGGFAH48DA,72.48,2.4,9.51,有,
桃園區,房地(土地+建物)+車位,樹仁三街61~90號,28.33,都市：其他:住宅區,,,1091116,土地1建物1車位2,十一層,十四層,住宅大樓(11層含以上有電梯),住家用,鋼筋混凝土造,0941228,202.66,3,2,2,有,有,10000000,49344,坡道平面,0.0,0,親友、員工、共有人或其他特殊關係間之交易;,RPPRMLTJKHGGFAH18DA,101.58,0.81,5.02,有,
桃園區,房地(土地+建物)+車位,中正路1381~1410號,10.27,都市：其他:住宅區,,,1091129,土地1建物1車位1,十六層,十六層,住宅大樓(11層含以上有電梯),住家用,鋼筋混凝土造,0830803,107.38,2,2,2,有,有,7700000,71708,坡道平面,0.0,0,,RPSNMLQKKHGGFAH87DA,84.04,0.0,8.04,有,
桃園區,房地(土地+建物),大興西路二段181~210號,8.76,都市：其他:住宅區,,,1091104,土地1建物1車位0,二層,十四層,住宅大樓(11層含以上有電梯),住家用,鋼筋混凝土造,0921114,84.47,2,1,1,有,有,5900000,69847,,0.0,0,,RPSQMLSKKHGGFAH38DA,54.89,0.86,4.89,有,88.0
中壢區,房地(土地+建物)+車位,慈惠三街121~150號,18.1,都市：其他:住宅區,,,1100122,土地1建物1車位1,九層,十五層,住宅大樓(11層含以上有電梯),住家用,鋼筋混凝土造,0830607,139.81,3,2,2,有,有,8800000,62943,坡道平面,0.0,0,,RPVRMLRKKHGGFBH78DA,70.97,3.0,9.3,有,
蘆竹區,房地(土地+建物),大興路1~30號,14.28,都市：其他:住宅區,,,1091225,土地1建物1車位0,十三層,十四層,住宅大樓(11層含以上有電梯),住家用,鋼筋混凝土造,1041103,87.53,2,1,1,有,有,6360000,72661,,0.0,0,,RPPNMLLMJHGGFEH57DA,50.91,0.0,6.76,有,111.0
八德區,房地(土地+建物)+車位,仁德一路31~60號,22.68,都市：其他:第二種住宅區,,,1091120,土地1建物1車位1,三層,十三層,住宅大樓(11層含以上有電梯),住家用,鋼筋混凝土造,1040720,118.11000000000001,2,1,1,有,有,6680000,56557,坡道平面,0.0,0,,RPXNMLQKKIPFFFH17DA,56.88,0.0,7.46,有,115.0
八德區,房地(土地+建物)+車位,中正路121~150號,19.43,都市：其他:商業區,,,1091227,土地1建物1車位1,十層,十五層,住宅大樓(11層含以上有電梯),住家用,鋼筋混凝土造,1030623,159.26999999999998,3,2,2,有,有,9180000,57638,坡道平面,0.0,0,,RPUNMLKMKIPFFFH09DA,79.11,1.56,11.21,有,118.0
龜山區,房地(土地+建物)+車位,樂善三路91~120號,17.12,都市：其他:第五種住宅區,,,1091116,土地1建物1車位1,二層,十五層,住宅大樓(11層含以上有電梯),住家用,鋼筋混凝土造,1090924,157.62,3,2,2,有,有,11300000,71970,坡道平面,27.01,1900000,含裝潢費1230000元;預售屋、或土地及建物分次登記案件;,RPWPMLLKKIPFFHH96DA,80.9,0.0,8.67,有,
龜山區,房地(土地+建物)+車位,樂善三路91~120號,16.99,都市：其他:第五種住宅區,,,1090929,土地1建物1車位1,十層,十五層,住宅大樓(11層含以上有電梯),住家用,鋼筋混凝土造,1090924,157.94,3,2,2,有,有,10600000,66662,坡道平面,28.18,1950000,預售屋、或土地及建物分次登記案件;,RPXPMLLKKIPFFHH07DA,80.24,0.0,8.67,有,
龜山區,房地(土地+建物)+車位,樂善三路91~120號,17.19,都市：其他:第五種住宅區,,,1100108,土地1建物1車位1,十五層,十五層,住宅大樓(11層含以上有電梯),住家用,鋼筋混凝土造,1090924,160.39,3,2,2,有,有,10880000,66952,坡道平面,27.01,1950000,,RPPOMLMJKHGGFHH87DA,81.06,0.0,8.92,有,
龜山區,房地(土地+建物)+車位,樂善三路91~120號,16.52,都市：其他:第五種住宅區,,,1091117,土地1建物1車位1,六層,十五層,住宅大樓(11層含以上有電梯),住家用,鋼筋混凝土造,1090924,156.1,3,2,2,有,有,10450000,66448,坡道平面,28.18,1950000,,RPQOMLMJKHGGFHH97DA,78.22,0.0,8.13,有,
龜山區,房地(土地+建物)+車位,樂善三路91~120號,16.52,都市：其他:第五種住宅區,,,1100108,土地1建物1車位1,十五層,十五層,住宅大樓(11層含以上有電梯),住家用,鋼筋混凝土造,1090924,154.93,3,2,2,有,有,10100000,63712,坡道平面,27.01,1950000,,RPROMLMJKHGGFHH08DA,78.22,0.0,8.13,有,
龜山區,房地(土地+建物)+車位,樂善三路91~120號,16.62,都市：其他:第五種住宅區,,,1100117,土地1建物1車位1,九層,十五層,住宅大樓(11層含以上有電梯),住家用,鋼筋混凝土造,1090924,156.32,3,2,2,有,有,10250000,64187,坡道平面,27.01,1950000,,RPSOMLMJKHGGFHH18DA,79.48,0.0,7.52,有,
桃園區,房地(土地+建物)+車位,經國二路91~120號,11.07,都市：其他:商業區,,,1060509,土地1建物1車位1,六層,二十三層,住宅大樓(11層含以上有電梯),住家用,鋼筋混凝土造,1091112,117.74000000000001,2,2,2,有,無,9060000,82049,坡道平面,25.6,1500000,預售屋、或土地及建物分次登記案件;,RPROMLSJKHGGFAH08EA,52.64,3.15,4.36,有,
桃園區,房地(土地+建物)+車位,經國二路91~120號,10.76,都市：其他:商業區,,,1080506,土地1建物1車位1,十六層,二十三層,住宅大樓(11層含以上有電梯),住家用,鋼筋混凝土造,1091112,117.15,2,2,2,有,無,10370000,94702,坡道平面,25.6,1700000,預售屋、或土地及建物分次登記案件;,RPSOMLSJKHGGFAH18EA,52.41,3.15,4.27,有,
桃園區,房地(土地+建物)+車位,經國二路91~120號,15.68,都市：其他:商業區,,,1061012,土地1建物1車位1,五層,二十三層,住宅大樓(11層含以上有電梯),住家用,鋼筋混凝土造,1091112,159.98000000000002,3,2,2,有,無,12600000,81113,坡道平面,25.6,1700000,預售屋、或土地及建物分次登記案件;,RPTOMLSJKHGGFAH28EA,76.87,5.92,5.44,有,
桃園區,房地(土地+建物)+車位,經國二路91~120號,15.68,都市：其他:商業區,,,1070311,土地1建物1車位1,六層,二十三層,住宅大樓(11層含以上有電梯),住家用,鋼筋混凝土造,1091112,159.98000000000002,3,2,2,有,無,13410000,87885,坡道平面,25.6,1600000,預售屋、或土地及建物分次登記案件;,RPUOMLSJKHGGFAH38EA,76.87,5.92,5.44,有,
桃園區,房地(土地+建物),中華路31~60號,9.24,都市：其他:商業區,,,1091228,土地1建物1車位0,十七層,二十四層,住宅大樓(11層含以上有電梯),住家用,鋼筋混凝土造,1070910,77.7,2,2,1,有,有,10800000,138996,,0.0,0,,RPQRMLRKKHGGFAH28EA,49.41,1.3,3.32,有,
龜山區,房地(土地+建物)+車位,樂善三路91~120號,16.52,都市：其他:第五種住宅區,,,1091203,土地1建物1車位1,十二層,十五層,住宅大樓(11層含以上有電梯),住家用,鋼筋混凝土造,1090924,156.1,3,2,2,有,有,10330000,65510,坡道平面,28.18,1950000,,RPORMLQLJHGGFHH58DA,78.22,0.0,8.13,有,
龜山區,房地(土地+建物)+車位,樂善三路91~120號,16.52,都市：其他:第五種住宅區,,,1091206,土地1建物1車位1,八層,十五層,住宅大樓(11層含以上有電梯),住家用,鋼筋混凝土造,1090924,156.1,3,2,2,有,有,10280000,65119,坡道平面,28.18,1950000,,RPPRMLQLJHGGFHH68DA,78.22,0.0,8.13,有,
龜山區,房地(土地+建物)+車位,長壽路269巷1~30號,29.88,都市：其他:第一種住宅區,,,1091212,土地1建物1車位1,十三層,十四層,住宅大樓(11層含以上有電梯),住家用,鋼筋混凝土造,1030530,208.86,4,2,2,有,有,10400000,49794,坡道平面,46.89,0,,RPPNMLQKKHGGFHH28DA,95.51,5.91,12.08,有,
中壢區,房地(土地+建物),中園路1~30號,3.72,都市：其他:住宅區,,,1091216,土地1建物1車位0,六層,十五層,住宅大樓(11層含以上有電梯),住家用,鋼筋混凝土造,0960301,43.68,1,1,1,有,有,2500000,57234,,0.0,0,其他增建;,RPXRMLRKKHGGFBH09EA,28.53,0.0,2.55,有,127.0
蘆竹區,房地(土地+建物)+車位,大正街1~30號,16.9,都市：其他:住宅區,,,1091116,土地1建物1車位1,十五層,十五層,住宅大樓(11層含以上有電梯),住家用,鋼筋混凝土造,1001202,164.86,3,2,1,有,有,11700000,70969,坡道平面,0.0,0,,RPTNMLTJKHGGFEH68EA,81.89,2.94,5.51,有,
龜山區,房地(土地+建物)+車位,光路151~180號,12.18,都市：其他:第二種住宅區,,,1091231,土地1建物1車位2,十層,十五層,住宅大樓(11層含以上有電梯),住家用,鋼筋混凝土造,1011215,122.65,4,2,2,有,有,6280000,51198,坡道平面,0.0,0,,RPPOMLSKKHGGFHH68EA,107.34,1.73,10.84,有,133.0
龜山區,房地(土地+建物)+車位,光路151~180號,12.18,都市：其他:第二種住宅區,,,1100106,土地1建物1車位2,十層,十五層,住宅大樓(11層含以上有電梯),住家用,鋼筋混凝土造,1011215,122.65,4,2,2,有,有,6280000,51198,坡道平面,0.0,0,,RPQOMLSKKHGGFHH78EA,53.67,0.86,5.42,有,133.0
龜山區,房地(土地+建物)+車位,龍新街1~30號,20.19,都市：其他:住宅區,,,1100130,土地1建物1車位1,二層,十三層,住宅大樓(11層含以上有電梯),住家用,鋼筋混凝土造,0840701,135.46,3,2,2,有,有,10680000,78842,坡道平面,0.0,0,其他增建;,RPQNMLTKKHGGFHH78EA,85.33,0.0,10.06,有,
桃園區,房地(土地+建物)+車位,大有路151~180號,12.28,都市：其他:住宅區,,,1091227,土地1建物1車位1,十六層，十七層,十七層,住宅大樓(11層含以上有電梯),住家用,鋼筋混凝土造,0850118,160.48,4,2,2,有,有,7800000,48604,坡道平面,0.0,0,,RPXQMLRKKHGGFAH88EA,76.88,0.44,28.03,有,
龜山區,房地(土地+建物),公園路1~30號,10.1,都市：其他:中心商業區,,,1091201,土地1建物1車位0,三層,十七層,住宅大樓(11層含以上有電梯),住家用,鋼筋混凝土造,0851023,110.16000000000001,3,2,2,有,有,7900000,71714,,0.0,0,,RPSNMLRKKHGGFHH68DA,87.23,1.1,9.46,有,142.0
龜山區,房地(土地+建物)+車位,同心二路1~30號,34.03,都市：其他:第二種住宅區,,,1091107,土地1建物1車位1,二層,十三層,住宅大樓(11層含以上有電梯),住家用,鋼骨鋼筋混凝土造,0940205,165.67000000000002,3,2,2,有,有,6500000,39235,坡道平面,0.0,0,,RPVNMLRKKHGGFHH98DA,88.96,0.0,10.27,有,
桃園區,房地(土地+建物)+車位,永安路810之1巷31~60號,30.37,都市：其他:住宅區,,,1091122,土地1建物1車位2,十二層,十五層,住宅大樓(11層含以上有電梯),住家用,鋼筋混凝土造,1040205,221.91,3,2,2,有,有,19980000,90037,坡道平面,0.0,0,,RPXRMLRKKHGGFAH98EA,85.74,5.57,8.3,有,143.0
桃園區,房地(土地+建物)+車位,大有路631~660號,19.74,都市：其他:住宅區,,,1091230,土地3建物1車位1,五層,十六層,住宅大樓(11層含以上有電梯),住家用,鋼筋混凝土造,0811111,184.01,3,2,2,有,有,6000000,32609,坡道平面,0.0,0,親友、員工、共有人或其他特殊關係間之交易;,RPXOMLSKKHGGFAH78EA,142.27,4.48,13.18,有,
桃園區,房地(土地+建物)+車位,大有路721~750號,17.61,都市：其他:住宅區,,,1100111,土地1建物1車位1,十二層,十四層,住宅大樓(11層含以上有電梯),住家用,鋼筋混凝土造,1040810,132.51,2,2,1,有,有,6920000,67097,坡道平面,47.26,1200000,,RPOSNLSKKHGGFAH38EA,46.61,5.38,6.64,有,145.0
桃園區,房地(土地+建物),永安路481~510號,11.77,都市：其他:住宅區,,,1060821,土地1建物1車位0,八層,二十三層,住宅大樓(11層含以上有電梯),住家用,鋼筋混凝土造,1090619,83.74000000000001,2,2,2,有,有,8070000,96370,,0.0,0,,RPWNMLTKKHGGFAH68EA,51.42,0.0,4.32,有,
龜山區,房地(土地+建物)+車位,樂善三路91~120號,11.22,都市：其他:第五種住宅區,,,1090909,土地1建物1車位1,七層,十五層,住宅大樓(11層含以上有電梯),住家用,鋼筋混凝土造,1090924,114.59,2,2,1,有,有,7720000,68511,坡道平面,28.18,1800000,預售屋、或土地及建物分次登記案件;,RPXQMLQLJHGGFHH76DA,53.17,0.0,4.93,有,
龜山區,房地(土地+建物)+車位,樂善三路91~120號,16.56,都市：其他:第五種住宅區,,,1080116,土地1建物1車位1,八層,十五層,住宅大樓(11層含以上有電梯),住家用,鋼筋混凝土造,1090924,155.61,3,2,2,有,有,10600000,69758,坡道平面,29.46,1800000,預售屋、或土地及建物分次登記案件;,RPXOMLLKKIPFFHH96DA,74.73,0.0,11.79,有,
龜山區,房地(土地+建物)+車位,樂善三路91~120號,16.56,都市：其他:第五種住宅區,,,1080730,土地1建物1車位1,十二層,十五層,住宅大樓(11層含以上有電梯),住家用,鋼筋混凝土造,1090924,154.32999999999998,3,2,2,有,有,10450000,68569,坡道平面,28.18,1800000,預售屋、或土地及建物分次登記案件;,RPPPMLLKKIPFFHH88DA,74.73,0.0,11.79,有,
龜山區,房地(土地+建物)+車位,樂善三路91~120號,16.56,都市：其他:第五種住宅區,,,1090720,土地1建物1車位1,十四層,十五層,住宅大樓(11層含以上有電梯),住家用,鋼筋混凝土造,1090924,154.32999999999998,3,2,2,有,有,10650000,70155,坡道平面,28.18,1800000,預售屋、或土地及建物分次登記案件;,RPQPMLLKKIPFFHH98DA,74.73,0.0,11.79,有,
龜山區,房地(土地+建物)+車位,樂善三路91~120號,21.3,都市：其他:第五種住宅區,,,1080925,土地1建物1車位1,十一層,十五層,住宅大樓(11層含以上有電梯),住家用,鋼筋混凝土造,1090924,191.26999999999998,4,2,2,有,有,13750000,74192,坡道平面,28.18,1650000,預售屋、或土地及建物分次登記案件;,RPUPMLLKKIPFFHH76DA,103.03,0.0,8.79,有,
龜山區,房地(土地+建物)+車位,文化三路1~30號,13.28,都市：其他:中心商業區,,,1100117,土地1建物1車位1,十層，十一層,十九層,住宅大樓(11層含以上有電梯),住家用,鋼筋混凝土造,0870430,149.32,3,2,2,有,有,9800000,65631,坡道平面,0.0,0,其他增建:雨遮增建其他增建;,RPTNMLSKJHGGFHH78DA,88.35,0.0,3.03,有,
平鎮區,房地(土地+建物)+車位,文心路121~150號,15.77,都市：其他:商業區,,,1100119,土地1建物1車位1,十四層,十五層,住宅大樓(11層含以上有電梯),住家用,鋼筋混凝土造,1060817,151.12,3,2,2,有,有,8980000,59423,坡道平面,0.0,0,,RPPNMLQJKHGGFGH08DA,73.25,0.0,7.8,有,149.0
平鎮區,房地(土地+建物)+車位,民族路二段23巷1~30號,9.71,都市：其他:商業區,,,1091224,土地1建物1車位1,十三層,二十五層,住宅大樓(11層含以上有電梯),住家用,鋼筋混凝土造,1030807,163.75,3,2,2,有,有,11300000,69008,坡道平面,26.82,0,,RPSOMLSJKHGGFGH68DA,81.93,0.0,12.71,有,150.0
平鎮區,房地(土地+建物)+車位,延平路二段1~30號,12.44,都市：其他:住宅區,,,1100116,土地1建物1車位1,九層,十五層,住宅大樓(11層含以上有電梯),住家用,鋼筋混凝土造,1011029,148.68,3,2,2,有,有,9360000,62954,坡道平面,0.0,0,,RPQOMLTKJHGGFGH58DA,71.95,5.87,12.08,有,152.0
八德區,房地(土地+建物)+車位,豐田一路1~30號,37.65,都市：其他:第二種住宅區,,,1100120,土地1建物1車位1,二層,十三層,住宅大樓(11層含以上有電梯),住家用,鋼筋混凝土造,1021007,192.35000000000002,4,2,2,有,有,10000000,51989,坡道平面,0.0,0,,RPTNMLOJKHGGFFH18DA,105.81,0.0,10.84,有,156.0
中壢區,房地(土地+建物)+車位,慈惠三街157巷1~30號,32.29,都市：其他:住宅區,,,1091230,土地1建物1車位1,五層,十五層,住宅大樓(11層含以上有電梯),住家用,鋼筋混凝土造,0830607,229.94,3,2,2,有,有,13140000,61987,坡道平面,37.32,1200000,,RPXRMLRKKHGGFBH98DA,130.92,1.48,14.44,有,
中壢區,房地(土地+建物),環中東路211~240號,13.94,都市：其他:住宅區,,,1100105,土地1建物1車位0,九層,十四層,住宅大樓(11層含以上有電梯),住家用,鋼筋混凝土造,0900402,126.73,3,2,2,有,有,6400000,50501,,0.0,0,,RPUOMLTJKHGGFBH48DA,83.93,1.49,12.92,有,
桃園區,房地(土地+建物)+車位,慈文路331~360號,30.98,都市：其他:住宅區,,,1091130,土地1建物1車位1,十四層,十七層,住宅大樓(11層含以上有電梯),住家用,鋼筋混凝土造,1040528,196.68,4,1,3,有,有,18000000,97032,坡道平面,31.27,1950000,,RPOUMLRKKHGGFAH28DA,101.61,0.0,10.48,有,
中壢區,房地(土地+建物)+車位,普義路211~240號,18.27,都市：其他:住宅區,,,1091218,土地1建物1車位1,十三層,十三層,住宅大樓(11層含以上有電梯),住家用,鋼筋混凝土造,0930924,122.84,3,2,2,有,有,7200000,58613,坡道機械,0.0,0,,RPSNMLRJJHGGFBH87DA,76.25,1.28,3.49,有,183.0
中壢區,房地(土地+建物)+車位,環北路331~360號,15.27,都市：其他:住宅區,,,1100102,土地1建物1車位1,四層,二十二層,住宅大樓(11層含以上有電梯),住家用,鋼筋混凝土造,0980629,195.78,4,2,2,有,有,16000000,81724,坡道平面,0.0,0,,RPPQMLPJJHGGFBH67DA,120.05,0.0,13.45,有,
桃園區,房地(土地+建物)+車位,大有路331~360號,24.92,都市：其他:住宅區,,,1100113,土地2建物1車位2,八層,十三層,住宅大樓(11層含以上有電梯),住家用,鋼筋混凝土造,1030403,200.68,4,2,2,有,有,14800000,73749,坡道平面,59.98,0,,RPXNMLRKKHGGFAH48DA,84.55,2.23,9.07,有,185.0
桃園區,房地(土地+建物),大有路631~660號,11.63,都市：其他:住宅區,,,1100105,土地1建物1車位0,十六層,十七層,住宅大樓(11層含以上有電梯),住家用,鋼筋混凝土造,0860901,97.32000000000001,3,2,2,有,有,5200000,53432,,0.0,0,,RPUPMLRKKHGGFAH38DA,68.92,1.69,6.51,有,186.0
桃園區,房地(土地+建物),大業路一段61~90號,8.16,都市：其他:住宅區,,,1100105,土地1建物1車位0,二層,二十一層,住宅大樓(11層含以上有電梯),住家用,鋼筋混凝土造,0850412,85.18,2,2,1,有,有,3700000,43437,,0.0,0,陽台外推;瑕疵物件;,RPRRMLRKKHGGFAH28DA,52.39,4.2,7.83,有,
桃園區,房地(土地+建物)+車位,新埔七街181~210號,15.5,都市：其他:商業區,,,1091008,土地1建物1車位1,三層,十五層,住宅大樓(11層含以上有電梯),住家用,鋼筋混凝土造,1091118,162.77999999999997,3,2,2,有,有,12880000,86040,坡道平面,32.84,1700000,,RPTOMLTJKHGGFAH28DA,78.22,0.0,10.1,有,
桃園區,房地(土地+建物)+車位,新埔七街181~210號,19.23,都市：其他:商業區,,,1080911,土地1建物1車位1,七層,十五層,住宅大樓(11層含以上有電梯),住家用,鋼筋混凝土造,1091118,194.56,4,2,2,有,有,15300000,84714,坡道平面,32.84,1600000,,RPWOMLTJKHGGFAH58DA,97.84,0.0,12.14,有,
桃園區,房地(土地+建物)+車位,新埔七街181~210號,19.23,都市：其他:商業區,,,1080907,土地1建物1車位1,十四層,十五層,住宅大樓(11層含以上有電梯),住家用,鋼筋混凝土造,1091118,194.56,4,2,2,有,有,15450000,85642,坡道平面,32.84,1600000,,RPXOMLTJKHGGFAH68DA,97.84,0.0,12.14,有,
桃園區,房地(土地+建物)+車位,新埔七街181~210號,15.19,都市：其他:商業區,,,1090902,土地1建物1車位1,九層,十五層,住宅大樓(11層含以上有電梯),住家用,鋼筋混凝土造,1091118,160.19,3,2,2,有,有,12230000,84256,坡道平面,32.84,1500000,,RPOPMLTJKHGGFAH87DA,76.55,0.0,10.05,有,
桃園區,房地(土地+建物)+車位,新埔七街181~210號,15.19,都市：其他:商業區,,,1080907,土地1建物1車位1,十四層,十五層,住宅大樓(11層含以上有電梯),住家用,鋼筋混凝土造,1091118,160.19,3,2,2,有,有,12480000,85434,坡道平面,32.84,1600000,,RPPPMLTJKHGGFAH97DA,76.55,0.0,10.05,有,
桃園區,房地(土地+建物),經國路391~420號,13.59,都市：其他:住宅區,,,1100105,土地1建物1車位0,四層,十六層,住宅大樓(11層含以上有電梯),住家用,鋼筋混凝土造,0831026,114.72,3,2,2,有,有,8800000,76709,,0.0,0,,RPXQMLTJKHGGFAH88DA,79.35,0.0,11.59,有,189.0
桃園區,房地(土地+建物)+車位,大業路一段331~360號,13.88,都市：其他:商業區,,,1100112,土地1建物1車位1,二層,十四層,住宅大樓(11層含以上有電梯),住家用,鋼筋混凝土造,0950910,142.51,3,2,2,有,有,10000000,70171,坡道平面,30.61,0,,RPWQMLSLJHGGFAH78DA,74.28,2.27,7.17,有,192.0
桃園區,房地(土地+建物)+車位,國鼎一街1~30號,11.89,都市：其他:第二種住宅區,,,1091228,土地1建物1車位1,五層,十六層,住宅大樓(11層含以上有電梯),住家用,鋼筋混凝土造,0840118,148.11,4,2,2,有,有,7000000,47265,坡道平面,0.0,0,,RPQPMLMJKHGGFAH37DA,152.8,1.58,10.87,有,
桃園區,房地(土地+建物)+車位,幸福路301~330號,22.75,都市：其他:住宅區,,,1091218,土地1建物1車位1,十三層,十四層,住宅大樓(11層含以上有電梯),住家用,鋼筋混凝土造,1090622,160.5,3,2,2,有,有,16350000,117800,坡道平面,37.41,1850000,含裝潢費;,RPVRMLMLJHGGFAH18DA,72.04,6.47,3.94,有,
